,SEARCHVAL,X,Y,LATITUDE,LONGITUDE
0,183 BUKIT BATOK WEST AVENUE 8 SINGAPORE 650183,17990.5820074389,36495.6315976996,1.34632638068317,103.743377821414
1,89 REDHILL CLOSE SINGAPORE 150089,26382.2648390904,29762.4454015363,1.28543545058099,103.818782583669
2,93 HENDERSON ROAD SINGAPORE 150093,26564.3296063403,29927.0994191933,1.28692453254081,103.820418500703
3,1 HOLLAND CLOSE SINGAPORE 271001,23928.2995005092,32392.3745714985,1.30921937771543,103.796732386696
4,142 TAMPINES STREET 12 SINGAPORE 521142,40413.2831079168,36757.8757089935,1.34869712181619,103.944859621472
5,MULTI STOREY CAR PARK,15678.4784104871,35595.1582951434,1.33818197475994,103.722602542931
6,MOUNT FABER GREEN,26344.4773196429,29024.299931284,1.27875992006854,103.818443086311
7,210A BUKIT BATOK STREET 21 SINGAPORE 651210,18820.5756440144,36396.3163500633,1.34542847522459,103.750835847871
8,MARINE DRIVE VIEW,36249.0358221121,31745.7084521856,1.30337032890276,103.907439956881
9,107 COMMONWEALTH CRESCENT SINGAPORE 140107,24215.4126044605,32242.3280341234,1.30786244653945,103.799312254354
10,569A CHAMPIONS WAY SINGAPORE 731569,23147.9376994306,45761.1714896224,1.43012185425062,103.789718275111
11,25 SIN MING ROAD SINGAPORE 570025,28460.7386171762,37492.1099503916,1.3553398428091,103.837458614817
12,631 JURONG WEST STREET 65 SINGAPORE 640631,13189.9002099298,36160.8880378716,1.34329710152481,103.700240981582
13,5 LORONG 7 TOA PAYOH SINGAPORE 310005,30502.6631087596,35647.6992168222,1.33865954756919,103.855806480101
14,TOA PAYOH APEX,30492.8652413581,35102.1962963566,1.33372621378708,103.855718395843
15,TOA PAYOH BLOOM,29654.4746910082,35842.5708220024,1.34042195552491,103.848185018749
16,MARSILING GARDENS,21830.3822053112,47107.557964664,1.44229782292057,103.777878520479
17,COMPASSVALE CAPE,34970.9038622295,42257.7245029528,1.39843751923085,103.895957792826
18,PCF SPARKLETOTS PRESCHOOL @ TOA PAYOH WEST-BALESTIER BLK 131 (DS),29105.3417615229,35570.5288735759,1.3379617298204,103.843250722733
19,PANGSHAN VALLEY,20442.2685905974,40948.0064491984,1.38659275915625,103.765406585364
20,TIONG BAHRU VIEW,27542.1660591997,29862.1129685044,1.28633684743341,103.829204757258
21,613B BEDOK RESERVOIR ROAD SINGAPORE 472613,37448.904401321,34998.5287548043,1.3327873115852,103.918222316133
22,398 YISHUN RING ROAD SINGAPORE 760398,29469.5118248528,45490.6385817919,1.42767563138391,103.846523499407
23,SENJA-CASHEW COMMUNITY CLUB,20360.9758690409,40400.1510102339,1.3816381331934,103.764676250968
24,KALLANG TRIVISTA,32159.1484972667,32778.0518230703,1.31270729475511,103.870690585664
25,BUKIT PURMEI VILLE,27112.6943949349,28426.9042780101,1.2733573140352,103.825345821846
26,MARINE PARADE FIRE POST,37007.7505060611,31908.8453476932,1.30484546888462,103.914257399726
27,838 YISHUN STREET 81 SINGAPORE 760838,28026.8408051161,44246.2409859262,1.41642178701227,103.833559766776
28,GOLDEN CASSIA,36744.4050336443,34892.4944990706,1.33182858762708,103.91189196562
29,TELOK BLANGAH TOWERS,25049.8370198328,28440.1347163729,1.27347684062073,103.806810311765
30,COMPASSVALE HELM,34405.3815762615,40431.5919691231,1.38192277086883,103.890875719274
31,GEYLANG BAHRU VILLE,31911.5537268762,33784.8642404936,1.32181258135723,103.868465951996
32,TAMPINES GREENWEAVE,39557.8749588132,38520.3316391297,1.36463646143194,103.937173937407
33,367 CLEMENTI AVENUE 2 SINGAPORE 120367,21136.72440565,32803.9110630825,1.31294067164982,103.77164865498
34,12 PINE CLOSE SINGAPORE 391012,33449.815851802,32310.4804856405,1.30847854465222,103.882287785645
35,GOLDEN KISMIS,21174.3722988889,35589.4387964047,1.33813199271195,103.771986319841
36,93 PAYA LEBAR WAY SINGAPORE 370093,34096.982391689,33886.8746402059,1.32273476922747,103.888103196257
37,COMPASSVALE HELM,34432.3954793168,40471.8316492718,1.3822866780118,103.891118468095
38,YISHUN RIVERWALK,29334.2199306972,45961.1125280559,1.43193043415117,103.84530779885
39,3 EUNOS CRESCENT SINGAPORE 400003,35780.6427089255,33659.0520972312,1.32067404184244,103.903231711917
40,GOLDEN PINES,39049.7994595934,36881.020244047,1.34981132942629,103.932607934056
41,108 POTONG PASIR AVENUE 1 SINGAPORE 350108,31851.7147100344,35212.1046118643,1.33472004322162,103.867928446438
42,BUKIT PANJANG HAWKER CENTRE,21230.7062832164,39953.3258634005,1.37759742308947,103.772491526747
43,GOLDEN VILLAGE (GV JURONG POINT),13907.0305282837,35735.67771223,1.3394520043632,103.706685012926
44,831 HOUGANG CENTRAL SINGAPORE 530831,34300.4161738362,39258.7067525759,1.37131564445886,103.889932276881
45,SAINT GEORGE'S TOWERS,31201.8081609216,33836.5287527051,1.32227989942996,103.862088519793
46,BUANGKOK PARKVISTA,33189.0653747004,40723.6041278467,1.38456386449101,103.879946263431
47,TIONG BAHRU ORCHID,27067.0279982528,29231.345531391,1.28063239751755,103.824935469367
48,STRATHMORE GREEN,25513.8229027148,30709.2266306896,1.29399775007562,103.810979212124
49,HOUGANG MEADOW,35112.9586227909,39123.7723535746,1.37009516179177,103.897233510592
50,GREENTOPS @ SIMS PLACE,33144.6241654642,33207.9595884439,1.31659507864197,103.879545641729
51,227 SIMEI STREET 4 SINGAPORE 520227,41679.8382904595,36019.7138637602,1.34202091226152,103.956240053971
52,BEDOK SOUTH HORIZON,40695.875264748,33327.9659389462,1.31767817684758,103.947397456277
53,148 SIMEI STREET 1 SINGAPORE 520148,41649.1836937862,36489.2175092697,1.34626694058524,103.955964816441
54,BEDOK BEACON,38489.7524097357,34100.2277854402,1.32466306448194,103.927574606795
55,KEMBANGAN GARDENS,36607.0486511225,34201.4761281256,1.32557930714658,103.91065754789
56,FERNVALE RIVERGROVE,33332.2066650735,42193.7989753615,1.39785974876811,103.881232764244
57,47 OWEN ROAD SINGAPORE 210047,29869.9498337768,33014.972528467,1.31485014599542,103.85012101861
58,RACE COURSE ROAD/OWEN ROAD CONSERVATION AREA,30677.4221533155,33053.6186900772,1.31519958849897,103.85737656638
59,468 HOUGANG AVENUE 8 SINGAPORE 530468,35111.6145427059,39525.4463858828,1.37372775627824,103.897221529451
60,INDUS GARDEN,27484.8980351631,30385.991957115,1.29107462413343,103.828690172458
61,CHAMPIONS COURT,23129.7302662367,45843.5524965338,1.43086687491645,103.78955465026
62,WHAMPOA DEW,30473.1366906436,34123.6044454277,1.32487617789478,103.855541044499
63,8 NORTH BRIDGE ROAD SINGAPORE 190008,31415.0097846286,31880.0556825697,1.30458622698687,103.864004033321
64,25 JALAN BERSEH SINGAPORE 200025,30771.4661710523,32060.1681043338,1.30621516435429,103.858221510521
65,BEACH ROAD GARDENS,31505.3498789305,31853.519045081,1.30434622893363,103.864815778098
66,FLORAL SPRING @ YISHUN,29457.9277831968,44982.5681978613,1.42308082717826,103.846419380158
67,REDHILL RISE,26236.8114379775,29970.7221821509,1.28731902477682,103.817475615252
68,366 CLEMENTI AVENUE 2 SINGAPORE 120366,21139.8089250671,32760.6611411497,1.31254953553443,103.771676380482
69,BENDEMEER VILLE,31345.0410422124,33564.1771628056,1.31981683292999,103.863375513331
70,TOA PAYOH GREEN,29040.5728468336,34836.0394428093,1.33131927016888,103.842668711023
71,CASA CLEMENTI,20803.8461405868,32455.6470976081,1.30979102116855,103.768657661297
72,GOLDEN ORCHID,15954.9931194028,36751.3846490812,1.34863856808836,103.725086725184
73,62B LORONG 4 TOA PAYOH SINGAPORE 312062,29998.730237131,35335.9166467618,1.33583993428388,103.851278326324
74,GOLDEN CARNATION,40562.2059463952,36375.160330968,1.34523592464479,103.946197624506
75,WATERWAY BROOKS,36478.9457965838,43023.7404602002,1.40536468278241,103.909508986941
76,206A PUNGGOL PLACE SINGAPORE 821206,35587.2330776267,42344.857129287,1.39922535957607,103.901496029963
77,149 LORONG 1 TOA PAYOH SINGAPORE 310149,29162.1034324598,35108.6785482857,1.33378491718625,103.84376074201
78,HAVELOCK VIEW,27372.443122847,30261.2151605021,1.28994618456452,103.827679720482
79,117 BUKIT MERAH VIEW SINGAPORE 151117,26730.0095270369,29637.0080364477,1.28430105508162,103.821907213378
80,RIVERVALE PLAINS,35898.8238394735,41199.8434893806,1.38887019170638,103.904295614592
81,251 TAMPINES STREET 21 SINGAPORE 520251,40776.0148971966,37206.6392780393,1.35275541922653,103.948119177521
82,410 SIN MING AVENUE SINGAPORE 570410,28241.8780912329,38319.295474777,1.36282061651362,103.835492017392
83,TECK GHEE HEARTLANDS,30202.7333297832,38560.1999916546,1.36499919016779,103.853111647739
84,424 SERANGOON CENTRAL SINGAPORE 550424,32704.4325802103,36696.8455864564,1.34814738936672,103.875590835007
85,CHENG SAN CREST,29753.3009291003,39489.2179400064,1.37340092645025,103.849073244454
86,476A PASIR RIS DRIVE 6 SINGAPORE 511476,41852.3563843044,39652.7336090636,1.37487649158241,103.957791910218
87,TECK GHEE HORIZON,30594.5007115556,38507.2495744228,1.36452029379673,103.856631941425
88,235 TAMPINES STREET 21 SINGAPORE 521235,40791.5908318851,37509.1060891431,1.35549080919861,103.948259265817
89,SKYOASIS @ DAWSON,24982.7835382679,30981.3206703179,1.29645842578646,103.806207569922
90,811 FRENCH ROAD SINGAPORE 200811,31113.1670388142,32230.2951788045,1.30775370097876,103.86129187084
91,NATURE VIEW,19758.0990471318,36437.7046699263,1.34580304817683,103.759260051639
92,NTUC HEALTH (TAMPINES),41142.9880179623,36863.278181104,1.34965003102913,103.95141650923
93,ADMIRALTY FLORA,24964.462963352,46832.9132117815,1.43981455081875,103.806041331649
94,RIVERVALE ARC,36446.3709384874,41376.8997225612,1.39047126956208,103.909215796683
95,662A JURONG WEST STREET 64 SINGAPORE 641662,13467.948779189,35451.9403359666,1.33688578252671,103.702739749317
96,WEST EDGE @ BUKIT BATOK,17612.8274611402,37715.421232,1.35735758102665,103.739983046884
97,817 JURONG WEST STREET 81 SINGAPORE 640817,12686.8774965713,36316.7035621386,1.34470598575848,103.695720951625
98,229 JURONG EAST STREET 21 SINGAPORE 600229,17394.3260345552,35998.5283333808,1.34183055675235,103.738020275061
99,FENGSHAN GREENVILLE,39943.920934963,34782.7974540908,1.33083543731954,103.940641339343
100,141 JALAN BUKIT MERAH SINGAPORE 160141,27490.3191823866,28845.7921364084,1.27714559744846,103.828738908605
101,172 WOODLANDS STREET 13 SINGAPORE 730172,21787.1770799942,46188.765661126,1.43398859274828,103.777490482198
102,41 TELOK BLANGAH RISE SINGAPORE 090041,26850.7437014757,28218.4315122012,1.27147195091921,103.822992108909
103,76 TELOK BLANGAH DRIVE SINGAPORE 100076,25264.7945498116,28540.4015894178,1.27438363830311,103.808741773193
104,112 PASIR RIS STREET 11 SINGAPORE 510112,41630.3178714104,38859.8188881688,1.36770577441558,103.955796373988
105,MARSILING HEIGHTS,21856.103150907,46747.6782669537,1.43904320861563,103.778109726656
106,TENTERAM PEAK,31106.9655527016,34435.8476941995,1.32769993704525,103.861236369481
107,BOON LAY GREEN,14163.093614623,36574.0399014801,1.34703395486511,103.708985502465
108,BEDOK PUBLIC LIBRARY,38960.6737470664,34317.0640491676,1.32662388643563,103.931806159881
109,GEYLANG SERAI COMMUNITY CLUB,35080.6345046721,33196.8734551203,1.31649443408571,103.896941669743
110,JURONG CENTRAL PLAZA,15938.4831752731,36788.0290981252,1.34896996021593,103.724938358616
111,KWONG WAI SHIU HOSPITAL @ POTONG PASIR,31412.0322322669,35247.016642591,1.33503582793654,103.863977651326
112,57 LENGKOK BAHRU SINGAPORE 151057,25866.476936548,30069.3298551328,1.28821077489025,103.814148003065
113,GOLDEN TULIP,26636.2845035801,29609.9844173696,1.28405665902905,103.821065058206
114,118A CORPORATION DRIVE SINGAPORE 611118,15758.0805440806,35307.5220998973,1.3355807322376,103.723317929284
115,MCNAIR TOWERS,30949.8254712,33695.7608354706,1.32100686964356,103.85982430866
116,MACPHERSON SPRING,34319.7733666589,34062.9745867085,1.3243273088009,103.890105126775
117,406 FAJAR ROAD SINGAPORE 670406,20683.354806181,40423.5975589957,1.38185025770492,103.767573058956
118,TIONG BAHRU ORCHID,27278.9346970813,29350.1695539132,1.28170700587327,103.82683952932
119,KAMPUNG ADMIRALTY,24372.3598183701,46825.7299836185,1.43974951798078,103.800720711621
120,90 PIPIT ROAD SINGAPORE 370090,33920.9346574582,33958.1786849909,1.32337965213726,103.886521328286
121,114 BEDOK NORTH STREET 2 SINGAPORE 460114,39407.0096724788,34746.2600023691,1.33050521254379,103.93581688525
122,52 CASSIA CRESCENT SINGAPORE 390052,33755.1844242364,32553.0518301129,1.31067221805457,103.88503171279
123,BOON LAY VISTA,14481.9178494867,36357.6069586352,1.34507676207703,103.711850425927
124,131 YISHUN STREET 11 SINGAPORE 760131,27818.1837678235,46097.3564713728,1.43316260592868,103.831684787748
125,12 BEDOK SOUTH AVENUE 2 SINGAPORE 460012,39527.6103045736,33706.6260427814,1.32110310080964,103.936900156912
126,ANG MO KIO 61,28992.3553434117,40138.798412133,1.37927553533411,103.842235624758
127,GOLDEN OAKS,38803.8093463602,35098.7757417858,1.33369345595931,103.930396926009
128,PEARL GARDEN,39641.5706253285,35186.2982802857,1.334484667124,103.937924710969
129,MOUNT FABER GREEN,26242.4802378444,29014.1195976399,1.27866784718784,103.81752660481
130,NATIONAL HEALTHCARE GROUP POLYCLINICS (YISHUN POLYCLINIC),28653.479144427,45787.2955139577,1.43035851992416,103.839190698939
131,THE BEO CRESCENT,27218.3447618317,30135.489553405,1.2888091628641,103.82629508593
132,EUNOS DAMAI VILLE,36263.8498208476,34896.8360478505,1.3318679857149,103.907573911026
133,DI TANJONG RHU,33516.5333587471,31599.0802900884,1.30204488252463,103.882887148325
134,GOMBAK GARDENS,19428.7369532008,36734.108137995,1.34848352110457,103.756300449103
135,625 CHOA CHU KANG STREET 62 SINGAPORE 680625,18286.4024838731,42279.1678862851,1.39863065232743,103.746034051085
136,PCF SPARKLETOTS PRESCHOOL @ BISHAN EAST-THOMSON BLK 313 (KN),28430.3131491393,37065.1768921874,1.35147881263426,103.837185216121
137,ANG MO KIO 22,29045.7150745867,38609.4830794428,1.36544495225352,103.842715047475
138,BRICKWORKS ESTATE,25071.0208552042,29950.2234928571,1.28713355463932,103.807000516738
139,FERN GROVE @ YISHUN,29088.9580046162,44657.2541440725,1.42013882092707,103.843103840166
140,FAJAR SPRING,21124.5471720491,40716.8497667443,1.38450243119902,103.771537431563
141,YISHUN GREENWALK,29071.8804147197,46208.6168879792,1.43416878511817,103.842950441024
142,GOLDEN LILY,42117.3392638369,38902.7845634688,1.36809411097208,103.960172610004
143,CHONG BOON RISE,30340.8828545492,38900.4769626576,1.36807652285135,103.854353042615
144,CHUAN VILLAGE,31756.0072547169,37413.4433699064,1.35462817749301,103.867068733428
145,15 LORONG 7 TOA PAYOH SINGAPORE 310015,30864.5793272182,35344.9808485061,1.33592183813398,103.859058481639
146,257 ANG MO KIO AVENUE 4 SINGAPORE 560257,28274.2005748805,39131.9655032828,1.37017011394308,103.835782464252
147,GHIM MOH EDGE,22550.7220498556,32404.4998349715,1.30932882169755,103.784354189521
148,SUNSHINE GARDENS,17536.1354731089,39884.508848032,1.3769739817533,103.739293156619
149,SKYTERRACE @ DAWSON,25604.7857305128,30819.194695197,1.2949922696335,103.8117965437
150,COMPASSVALE ANCILLA,34596.7536879685,40852.5059966203,1.38572932197005,103.892595434586
151,704 WEST COAST ROAD SINGAPORE 120704,19900.1954867067,32074.9054039977,1.30634750622019,103.760538027126
152,434 TAMPINES STREET 43 SINGAPORE 520434,41164.8123238701,37923.8950571865,1.3592418423449,103.951613078969
153,GOLDEN PALMS,27339.5986375511,45729.2726064064,1.42983378150608,103.827384256677
154,35 CIRCUIT ROAD SINGAPORE 370035,33864.0504919915,34597.2280478086,1.32915899694507,103.886010316123
155,GOLDEN WILLOWS,16614.0814916454,36639.1176706757,1.3476235248659,103.731009078651
156,TECK GHEE VISTA,29594.7067736601,38622.2519310527,1.36556040472259,103.847648115797
157,ANSAR GARDEN,38189.7463251725,34049.1683604904,1.32420140338849,103.9248788773
158,YISHUN SPRING,29422.4479553634,44794.3642965462,1.42137878090937,103.84610055242
159,WOODLANDS PEAK,21542.7407131689,45952.9146262743,1.43185558749484,103.775294044439
160,EASTBROOK @ CANBERRA,27898.7975179693,47832.6140756272,1.44885564679911,103.832409172149
161,HOUGANG VIEW,34509.7677402832,38426.5214415658,1.36378961600309,103.891813266061
162,GOLDEN LAVENDER,12817.2599843042,36116.3552982528,1.34289417856781,103.696892615091
163,260 YISHUN STREET 22 SINGAPORE 760260,28663.0297224009,46353.3311751988,1.43547754128002,103.839276532996
164,25 HOUGANG AVENUE 3 SINGAPORE 530025,34497.8210579138,38651.7409682088,1.36582642261344,103.891705966146
165,766 YISHUN AVENUE 3 SINGAPORE 760766,28070.2442159951,45161.8693771269,1.42470239952978,103.833949786818
166,TELOK BLANGAH PARCVIEW,25142.6963184187,28742.8649800066,1.27621463534143,103.807644658523
167,123 ANG MO KIO AVENUE 6 SINGAPORE 560123,29278.3883646317,39166.3653997257,1.37048118793194,103.844805800791
168,PING-AN GARDENS,37848.3588521136,34164.235611679,1.3252421417405,103.921811368429
169,PAYA LEBAR LODGE,34168.8993026093,36857.4451471586,1.34959952841041,103.888750009608
170,18 GHIM MOH ROAD SINGAPORE 270018,22854.350092154,32495.3562405389,1.31015054686008,103.787082418192
171,CHONG PANG VALE,27505.3015013793,46315.5429898538,1.43513580201461,103.828873241093
172,THE LENTOR RESIDENCE,28436.5943913888,41489.6324344333,1.39149200770667,103.837241721986
173,210 JURONG EAST STREET 21 SINGAPORE 600210,17453.8336169757,35673.9198565613,1.33889493784685,103.73855509854
174,FERNVALE GLADES,32163.2143652514,41778.6440976635,1.39410542991766,103.870728366216
175,WATERFRONT I @ NORTHSHORE,35503.5283912513,44356.0979972016,1.41741430696277,103.900744398319
176,ANCHORVALE PLAINS,33824.9019121192,41674.0990872625,1.39315967650223,103.88565992411
177,DOVER COURT,22430.4991016621,31749.7728673071,1.30340768255151,103.783274045827
178,CHENG SAN COURT,30072.4230311923,39216.3560924381,1.37093324079314,103.851940766136
179,150 MEI LING STREET SINGAPORE 141150,24703.6330025252,30809.3414979223,1.29490307854693,103.803699298575
180,CLEMENTI MEADOWS,20501.9723700881,33614.3851796389,1.32027016006349,103.765944899873
181,126 HOUGANG AVENUE 1 SINGAPORE 530126,33830.6918444568,37148.3359678891,1.35223030818128,103.885711060613
182,REN CI @ BUKIT BATOK ST. 52,18901.1782858102,37453.7112295479,1.35499119318065,103.75155979178
183,GOLDEN JASMINE,30312.5415490679,36385.7465885412,1.3453342006773,103.854098182349
184,CHENG SAN PLACE,30717.3733190438,39292.9307314958,1.3716257020332,103.857736107527
185,861 WOODLANDS STREET 83 SINGAPORE 730861,23761.9708461184,46815.8578688521,1.43966015258891,103.795235776713
186,175 MACPHERSON ROAD SINGAPORE 348537,32588.6200707275,34713.2018251084,1.33020804167321,103.874549888013
187,602 CLEMENTI WEST STREET 1 SINGAPORE 120602,20541.5548415063,31939.6151745804,1.30512415125823,103.766300972142
188,150A PANDAN GARDENS SINGAPORE 609342,18465.8114776965,33727.5892245527,1.3212933695135,103.747648912115
189,350 TAMPINES STREET 33 SINGAPORE 520350,42424.8731472902,37322.9588670544,1.35380661871004,103.962935246726
190,CORPORATION TIARA,15504.9330212735,35003.7683546618,1.33283359282698,103.721043381424
191,LIMBANG GREEN,18187.1883010343,41813.0147249643,1.39441490205275,103.745142689272
192,128 PENDING ROAD SINGAPORE 670128,20927.4051351417,39776.1582137719,1.37599511163058,103.769766187776
193,GOLDEN CLOVER,30860.2175896922,34834.4660524782,1.33130492413517,103.859019241044
194,WHAMPOA COMMUNITY CLUB,30657.8965191636,34122.6458281148,1.32486749296569,103.85720121091
195,ALKAFF LAKEVIEW,32403.5045328625,35489.4825334083,1.33722847497236,103.872886634076
196,386 BUKIT BATOK WEST AVENUE 5 SINGAPORE 650386,19012.082054765,38443.1579966731,1.36393942184816,103.752556035691
197,GOLDEN PEONY,14909.3634959934,36673.7684887033,1.34793619788802,103.715691141274
198,TECK WHYE VISTA,19679.7367809545,40125.1832374278,1.37915123926616,103.758554890844
199,COMMONWEALTH 10,23971.7618431533,31497.7915699128,1.30112909158394,103.797123032464
200,417 BUKIT BATOK WEST AVENUE 4 SINGAPORE 650417,18342.4790389994,38327.2510208134,1.3628909909218,103.746539240126
201,TECK WHYE CREST,19119.1064367834,40521.702117553,1.38273704594211,103.753517098194
202,TOH YI GARDENS,21538.0544423219,35660.4535095338,1.33877430429858,103.775254200454
203,544 BEDOK NORTH STREET 3 SINGAPORE 460544,38119.3654841576,34750.6837287266,1.33054567545015,103.924246700188
204,MARSILING SPRING,21671.6152499523,46788.0246720146,1.43940804570463,103.776451916046
205,344 CLEMENTI AVENUE 5 SINGAPORE 120344,20851.8072136501,33376.7039306164,1.31812073993323,103.769088401723
206,50 WOODLANDS ROAD SINGAPORE 677726,19859.0948034935,40518.9686462116,1.38271254101906,103.760166444878
207,MEMBINA COURT,27140.1372558558,29503.3232511561,1.28309207069724,103.825592376594
208,WOODLANDS CARE HOME,24802.9018493434,47531.1145384796,1.44612881154559,103.804589469079
209,BUKIT GOMBAK VISTA,18712.8644814454,37921.2608345635,1.35921948269437,103.749867526921
210,DEPOT HEIGHTS,25775.6957771871,29193.6409159508,1.28029134553105,103.81333235886
211,ANCHORVALE HORIZON,34153.5746224532,41905.9421567824,1.39525631314867,103.888613356075
212,GOLDEN GINGER,32446.3476833627,38781.9998717643,1.36700481675918,103.873272091323
213,KEBUN BARU LINK 2,28561.1630048091,39851.4714648761,1.37667706463381,103.838361037555
214,TECK GHEE VISTA,29357.0220135506,38592.0869190171,1.36528761496625,103.845512353446
215,GEYLANG EAST GROVE,33904.5226907916,33301.8306246549,1.31744387800501,103.886373732265
216,98 ALJUNIED CRESCENT SINGAPORE 380098,33829.2417053571,33680.1475803591,1.32086525583011,103.885697365861
217,KHATIB COURT,27928.6222270653,44400.7701208852,1.4178192926766,103.832677186013
218,55 PIPIT ROAD SINGAPORE 370055,34127.609777445,33997.8910665959,1.32373875593209,103.888378421591
219,GOLDEN SAFFRON,24025.9510381538,47413.5895572826,1.44506585872386,103.797607810105
220,9 TECK WHYE LANE SINGAPORE 680009,19189.0336817931,40222.9222798143,1.38003501182773,103.754145535915
221,LIMBANG MEADOWS,18065.6125858435,41525.9190856405,1.39181847386694,103.744050333747
222,SUNSHINE COURT,17382.5353231067,39925.7439513616,1.37734684156778,103.737912934165
223,TAMPINES ALCOVES,41376.0244330084,38473.8480068874,1.36421531545345,103.953511202271
224,HOUGANG DEWCOURT,34717.4847448049,38456.7808897123,1.36406322514465,103.893679750644
225,513 WELLINGTON CIRCLE SINGAPORE 750513,26532.9075346719,48424.4288877957,1.45420776620009,103.82013524496
226,TAMPINES RIA,41665.1374637159,37956.9194251094,1.35954027648641,103.956108837804
227,SENJA GATEWAY,19654.5804845961,40895.7422979604,1.38611988630201,103.758328624429
228,162 YISHUN STREET 11 SINGAPORE 760162,27897.5443326393,46085.5029538572,1.43305540741239,103.832397917463
229,223A SERANGOON AVENUE 4 SINGAPORE 551223,32209.5950258123,37768.781053979,1.35784166371874,103.871144562235
230,KEAT HONG AXIS,18173.254374194,39689.4070245679,1.37520977307986,103.745018192833
231,GEYLANG BAHRU VILLE,32000.2624373911,33840.0075731464,1.32231126658548,103.869263053603
232,TAMPINES GREENWOOD,39130.6181845246,37549.6125513017,1.35585780112316,103.933334387633
233,51 CHIN SWEE ROAD SINGAPORE 160051,28969.4831599081,29980.0047673974,1.2874030079153,103.842029778891
234,PUNGGOL EMERALD,35258.697057507,43091.415071059,1.40597704114999,103.898544055197
235,CHIN SWEE VIEW,28677.5967041207,29977.197411906,1.2873776268224,103.839407060595
236,5 BANDA STREET SINGAPORE 050005,29126.1334146298,29293.8179838881,1.28119737026913,103.843437320613
237,TREEGROVE@WOODLANDS,23702.3065360785,46582.6578856241,1.4375511678734,103.794699670585
238,PUNGGOL RIPPLES,35411.9336890252,42559.8691719044,1.40116989540271,103.899920878173
239,GOLDEN MINT,33972.6666370053,40138.1584561523,1.37926915596285,103.88698739385
240,GOLDEN DAISY,19371.1535065062,36631.0561261605,1.34755153967044,103.755783055819
