index,Centre Name,Operating Hours,Address,postal_code,latitude,longitude
4,Fei Yue Active Ageing Centre (Bukit Batok),Mon - Fri: 9.30am - 6.00pm,"183 Bukit Batok West Ave 8, #01-101, 650183",650183,1.34632638068317,103.743377821414
2,Moral Active Ageing Centre @ Redhill,Mon - Fri: 9.00am - 5.00pm | Sat: 9.00am - 1.00pm,"89 Redhill Close, #01-448, 150089",150089,1.28543545058099,103.818782583669
1,THK AAC @ Bukit Merah View (Branch),Mon - Fri: 8.30am - 5.30pm | Sat: 8.30am - 12.30pm,"93 Henderson Road, #01-210, 150093",150093,1.28692453254081,103.820418500703
6,Fei Yue Active Ageing Centre (Holland Close),Mon - Fri: 9.30am - 6.00pm,"1 Holland Close, #02-115, 271001",271001,1.30921937771543,103.796732386696
9,Goodlife Studio (Tampines 142),Mon - Fri: 9.00am - 6.00pm,"142 Tampines Street 12, #01-310, 521142",521142,1.34869712181619,103.944859621472
3,THK AAC @ Taman Jurong,"Mon & Thu: 8.30am - 8.30pm | Tue, Wed & Fri: 8.30am - 5.30pm | Sat: 8.30am - 12.30pm","337 Tah Ching Road, #01-01, 610337",610337,1.33818197475994,103.722602542931
0,THK AAC @ Telok Blangah Cres - Branch,Mon - Fri: 8:30am - 5:30pm | Sat: 8:30am - 12:30pm | Sun and Public Holiday: Closed,"4 Telok Blangah Crescent, 090004",090004,1.27875992006854,103.818443086311
5,Fei Yue Active Ageing Centre (Bukit Batok extension),Mon - Fri: 9.30am - 6.00pm,"210A Bukit Batok Street 21, #01-294, 651210",651210,1.34542847522459,103.750835847871
8,Goodlife Studio (Katong),Mon - Fri: 10.30am - 5.00pm,"75 Marine Drive, #01-23, 440075",440075,1.30337032890276,103.907439956881
7,Fei Yue Active Ageing Centre (Commonwealth),Mon - Fri: 2.00pm - 6.00pm,"107 Commonwealth Crescent, #01-230, 140107",140107,1.30786244653945,103.799312254354
14,Care Corner Active Ageing Centre WL569A,Mon - Fri: 9.00am - 6.00pm | Sat: 9.00am - 1.00pm,"569A Champions Way, #01-346, 731569",731569,1.43012185425062,103.789718275111
11,Allkin Active Ageing Centre @ Sin Ming 25,Mon - Fri: 9.00am - 6.00pm,"25 Sin Ming Road, #01-88, 570025",570025,1.3553398428091,103.837458614817
10,PCF Sparkle Care Active Ageing @ Boon Lay,Mon – Fri (excluding Public Holidays): 9.00am – 6.00pm,"631 Jurong West Street 65, #01-260, 640631",640631,1.34329710152481,103.700240981582
16,Care Corner Active Ageing Centre (TP5),Mon - Fri: 9.00am - 6.00pm | Sat: 9.00am - 1.00pm,"5 Lorong 7 Toa Payoh, #01-131, 310005",310005,1.33865954756919,103.855806480101
18,Care Corner Active Ageing Centre (Care) TP261A,Mon - Fri: 9.00am - 6.00pm | Sat: 9.00am - 1.00pm,"261A Toa Payoh East (Apex), #01-03, 311261",311261,1.33372621378708,103.855718395843
17,Care Corner Active Ageing Centre TP106,Mon - Fri: 9.00am - 6.00pm | Sat: 9.00am - 1.00pm,"106 Toa Payoh Lorong 1, #01-349, 310106",310106,1.34042195552491,103.848185018749
15,Care Corner Active Ageing Centre WL16,Mon - Fri: 9.00am - 6.00pm | Sat: 9.00am - 1.00pm,"16 Marsiling Lane, #01-195, 730016",730016,1.44229782292057,103.777878520479
12,BCARE AAC @ Compassvale,Mon-Fri: 9.00am - 5.00pm | Sat: 8.30am - 12.30 pm | Closed on Sunday & PH,"287A COMPASSVALE CRESCENT, #01-151, 541287",541287,1.39843751923085,103.895957792826
19,Care Corner Active Ageing Centre (Care) TP131,Mon - Fri: 9.00am - 6.00pm | Sat: 9.00am - 1.00pm,"131 Lor 1 Toa Payoh, Toa Payoh Crest, #01-01, 310131",310131,1.3379617298204,103.843250722733
13,New Life Community Services Active Ageing Centre (Care) @Jelapang,Mon - Fri: 9.00am – 5.00pm,"525 Jelapang Road, #01-123, 670525",670525,1.38659275915625,103.765406585364
24,Goodlife Studio (Tiong Bahru),Mon - Fri: 9.00am to 6.00pm,"10B BOON TIONG ROAD, #01-539, 164010",164010,1.28633684743341,103.829204757258
21,Goodlife Studio (Bedok),Mon - Fri: 9.00am - 6.00pm,"613B Bedok Reservoir Road, #01-1376, 472613",472613,1.3327873115852,103.918222316133
26,St Andrew's Active Ageing Centre (Yishun) - Branch,Mon - Fri: 9.00am – 5.00pm,"398 Yishun Ring Road, #01-1725, 760398",760398,1.42767563138391,103.846523499407
20,Vanguard AAC Senja @ 3G Wellness Centre,Mon - Fri: 8.30am – 6.00pm,"101 Bukit Panjang Road, Senja-cashew Community Club, 679910",679910,1.3816381331934,103.764676250968
27,Adventist Active Centre @ Kallang Trivista,"Mon - Fri: 8.30am - 6.00pm | Closed on Sat, Sun & Public Holiday","8 UPPER BOON KENG ROAD, #01-02, 380008",380008,1.31270729475511,103.870690585664
25,Goodlife Studio (Bukit Purmei),Mon - Fri: 9.00am - 6.00pm,"108 Bukit Purmei Road, #01-105, 090108",090108,1.2733573140352,103.825345821846
28,Goodlife Studio (Marine Parade),Mon - Fri: 9.00am - 6.00pm,"15 Marine Terrace, #01-18, 440015",440015,1.30484546888462,103.914257399726
29,Goodlife Studio (Yishun),Mon - Fri: 9.00am - 6.00pm,"838 Yishun Street 81, #01-322, 760838",760838,1.41642178701227,103.833559766776
22,Goodlife Studio (Bedok Reservoir 609A),Mon - Fri: 9.00am - 5.30pm,"609A Bedok Reservoir Road, #01-1700, 471609",471609,1.33182858762708,103.91189196562
23,Goodlife Studio (Telok Blangah Towers),Mon - Fri: 9.00am - 6.00pm,"80B Telok Blangah Street 31, #01-115, 102080",102080,1.27347684062073,103.806810311765
34,SASCO@Compassvale,Mon - Fri: 8.30am - 5.30pm,"274B Compassvale Bow, Compassvale Helm, #01-521, 542274",542274,1.38192277086883,103.890875719274
31,TOUCHpoint@Geylang Bahru - Branch,Mon - Fri: 8.00am – 5.00pm,"62 Geylang Bahru, #01-3365, 330062",330062,1.32181258135723,103.868465951996
36,House of Joy Tampines GreenWeave,Mon - Fri: 9.00am - 5.00pm | Sat: 9:30am - 12:30pm (Volunteer Befriending Programme),"610 TAMPINES NORTH DRIVE 1, #01-01, 520610",520610,1.36463646143194,103.937173937407
30,Lions Befrienders AAC @Clementi 367/366 - Branch,Mon - Fri: 9.00am – 6.00pm,"367 Clementi Avenue 2, #01-525, 120367",120367,1.31294067164982,103.77164865498
37,House of Joy Mountbatten,Mon - Fri: 9.00am - 5.00pm | Sat: 9:30am - 12:30pm (Volunteer Befriending Programme),"12 PINE CLOSE, #01-85, 391012",391012,1.30847854465222,103.882287785645
38,PCS Cedar Tree AAC @Toh Yi 21,Mon – Fri: 8.30am – 6.00pm | (Closed for lunch from 12.00pm – 1.00pm),"21 Toh Yi Drive, #02-601, 590021",590021,1.33813199271195,103.771986319841
35,THK AAC @ MacPherson - Branch,Mon - Fri: 8:30am - 5:30pm | Sat: 8:30am - 12:30pm | Sun and Public Holiday: Closed,"93 Paya Lebar Way, #01-3057, 370093",370093,1.32273476922747,103.888103196257
32,SASCO@Compassvale - Branch,Mon - Fri: 8.30am – 5.30pm,"274C Compassvale Bow, Compassvale Helm, #01-509, 543274",543274,1.3822866780118,103.891118468095
39,Goodlife Studio (Yishun Riverwalk),Mon-Fri: 9.00am to 6.00pm,"333B Yishun Street 31, #01-183, 762333",762333,1.43193043415117,103.84530779885
33,4S Active Ageing Centre @ Eunos Crescent,Mon - Fri: 8.00am - 6.00pm | Sat: 9.00am - 1.00pm,"3 Eunos Crescent, #01-2585, 400003",400003,1.32067404184244,103.903231711917
44,PCS Cedar Tree AAC @Tampines West 827A,Mon – Fri: 8.30am – 6.00pm | (Closed for lunch from 12.00pm – 1.00pm),"827A Tampines Street 81, #02-350, 521827",521827,1.34981132942629,103.932607934056
41,PCS Cedar Tree AAC(Care) @Potong Pasir 108,Mon – Fri: 8.30am – 6.00pm | (Closed for lunch from 12.00pm to 1.00pm),"108 POTONG PASIR AVENUE 1, #01-488, 350108",350108,1.33472004322162,103.867928446438
46,NTUC Health Active Ageing Centre (Bukit Panjang),Mon - Fri: 9.00am - 6.00pm | Sat: Events only | Closed on Sunday & PH,"2 Bukit Panjang Ring Road, #02-06, 679947",679947,1.37759742308947,103.772491526747
40,Stroke Support Station Ltd @ Jurong Point,"Mon - Fri: 9.00am - 5.30pm | Closed on Sat, Sun & Public Holiday","1 JURONG WEST CENTRAL 2, #06-01, 648886",648886,1.3394520043632,103.706685012926
47,St Luke's ElderCare Active Ageing Centre (Care) @ Golden Years,"Mon - Fri: 9.00am - 6.00pm | Closed on Sat, Sun & Public Holiday","831 HOUGANG CENTRAL, #01-502, 530831",530831,1.37131564445886,103.889932276881
48,Kwong Wai Shiu Care @ St George,Mon - Fri: 7.00am - 7.00pm,"25 St George’s Lane, 320025",320025,1.32227989942996,103.862088519793
49,HNF Wellness Club@Buangkok Active Ageing Centre (Care),Mon - Fri: 8.00am - 5.00pm,"999 Buangkok Crescent, 530999",530999,1.38456386449101,103.879946263431
42,PCS Cedar Tree AAC @Jalan Bukit Merah,Mon – Fri: 8.30am – 6.00pm | (Closed for lunch from 12.00pm – 1.00pm),"105 Jalan Bukit Merah, #02-1912, 160105",160105,1.28063239751755,103.824935469367
45,PCS Cedar Tree AAC @Strathmore 61,Mon – Fri: 8.30am – 6.00pm | (Closed for lunch from 12.00pm – 1.00 pm),"61 Strathmore Avenue, #01-02, 141061",141061,1.29399775007562,103.810979212124
43,PCS Cedar Tree AAC @ Upper Serangoon 364,Mon – Fri: 8.30am – 6.00pm | (Closed for lunch from 12.00pm – 1.00pm),"364 Upper Serangoon Road, #01-01, 530364",530364,1.37009516179177,103.897233510592
54,MWS Active Ageing Centre - GreenTops@Sims Place,Mon - Fri: 8.30am - 5.00pm,"63 Sims Place, #01-227, 380063",380063,1.31659507864197,103.879545641729
51,Brahm Centre @ Simei 227,Mon - Fri: 9.00am - 6.00pm | Sat: 9.00am - 5.00pm,"227 Simei Street 4, #01-50, 520227",520227,1.34202091226152,103.956240053971
56,St. Andrew's Active Ageing Centre (Bedok South),"Mon - Fri: 8.30am - 6.00pm | Closed on Sat, Sun & Public Holiday","152A BEDOK SOUTH ROAD, #02-01, 461152",461152,1.31767817684758,103.947397456277
50,Brahm Centre @ Simei 227 - Branch,Mon - Fri: 9.00am – 6.00pm,"148 SIMEI STREET 1, #01-121, 520148",520148,1.34626694058524,103.955964816441
57,St. Andrew's Active Ageing Centre (Bedok North),"Mon - Fri: 8.30am - 6.00pm | Closed on Sat, Sun & Public Holiday","223 BEDOK NORTH DRIVE, #04-01, 460223",460223,1.32466306448194,103.927574606795
58,NTUC Health Active Ageing Centre (Kampung Kembangan),Mon - Fri: 9.00am - 6.00pm | Sat: For events only | Closed on Sun & Public Holiday,"102 Lengkong Tiga, #01-389, 410102",410102,1.32557930714658,103.91065754789
55,MWS Active Ageing Centre - Fernvale Rivergrove,Mon - Fri: 9.00am - 5.00pm,"473A Fernvale Street, #01-17, 791473",791473,1.39785974876811,103.881232764244
59,Chong Hua Tong Active Ageing Centre,Mon - Fri: 8.30am - 5.00pm,"47 Owen Road, #01-251, 210047",210047,1.31485014599542,103.85012101861
52,SNM AAC@ Race Course,Mon - Fri: 9.00am - 6.00pm | Sat: 9.00am - 1.00 pm | Closed on Sun & Public Holiday,"394 RACE COURSE ROAD, 218649",218649,1.31519958849897,103.85737656638
53,Sunlove Active Ageing Centre @ Serangoon,Mon - Fri: 8.00am - 5.00pm,"468 Hougang Avenue 8, #01-1510, 530468",530468,1.37372775627824,103.897221529451
64,THK AAC @ Indus 79,Mon - Fri: 8.30am - 5.30pm | Sat: 8.30am - 12.30pm,"79 Indus Road, #01-451, 161079",161079,1.29107462413343,103.828690172458
69,St Andrew's Active Ageing Centre (Woodlands),Mon - Fri: 9.00am - 5.00pm,"572A Woodlands Ave 1, #01-800, 731572",731572,1.43086687491645,103.78955465026
61,Sunlove Active Ageing Centre @ Whampoa Dew,Mon - Fri: 8.00am - 5.00pm,"78 Lorong Limau, #01-79, 320078",320078,1.32487617789478,103.855541044499
66,St Andrew's Active Ageing Centre (Peace Connect @8),Mon - Fri: 9.00am - 5.00pm,"8 North Bridge Road, #01-4102, 190008",190008,1.30458622698687,103.864004033321
60,MWS Wesley Active Ageing Centre - Jalan Berseh,Mon - Fri: 9.00am - 5.00pm,"25 Jalan Berseh, #01-142, 200025",200025,1.30621516435429,103.858221510521
67,St Andrew's Active Ageing Centre (Peace Connect @5),Mon - Fri: 8.30am - 6.00pm,"5 Beach Road, #02-4943, 190005",190005,1.30434622893363,103.864815778098
68,St Andrew's Active Ageing Centre (Yishun),Mon - Fri: 9.00am - 5.00pm,"426A Yishun Ave 11, #01-74, 761426",761426,1.42308082717826,103.846419380158
65,NTUC Health Active Ageing Centre (Redhill),Mon - Fri: 9.00am - 6.00pm | Sat: For events only | Closed on Sun & Public Holiday,"71 Redhill Road, #01-29, 150071",150071,1.28731902477682,103.817475615252
62,Lions Befrienders AAC @ Clementi 367/366,Mon - Fri: 9.00am - 6.00pm,"366 Clementi Avenue 2, #01-527, 120366",120366,1.31254953553443,103.771676380482
63,Lions Befrienders AAC @Bendemeer 32,Mon - Fri: 9.00am - 6.00pm,"32 Bendemeer Road, #01-799, 330032",330032,1.31981683292999,103.863375513331
74,Care Corner Active Ageing Centre TP170,Mon - Fri: 9.00am - 6.00pm | Sat: 9.00am - 1.00pm,"170 Lorong 1 Toa Payoh, #01-1102, 310170",310170,1.33131927016888,103.842668711023
79,Lions Befrienders AAC @Clementi 420A,Mon - Fri: 9.00am - 6.00pm,"420A Clementi Ave 1, #02-03, 121420",121420,1.30979102116855,103.768657661297
71,St Andrew's Active Ageing Centre (Jurong West),Mon - Fri: 9.00am - 4.00pm,"499 Jurong West Street 41, #01-812, 640499",640499,1.34863856808836,103.725086725184
76,Care Corner Active Ageing Centre TP62B,Mon - Fri: 9.00am - 6.00pm | Sat: 9.00am - 1.00pm,"62B Toa Payoh Lorong 4, #02-121, 312062",312062,1.33583993428388,103.851278326324
70,St Andrew's Active Ageing Centre (Tampines Changkat),Mon - Fri: 9.00am - 5.00pm,"117 Tampines Street 11, Golden Carnation, #01-516, 521117",521117,1.34523592464479,103.946197624506
77,Allkin Active Ageing Centre @ Punggol 677B,Mon - Fri: 9.00am - 6.00pm,"677B Punggol Drive, #01-774, 822677",822677,1.40536468278241,103.909508986941
78,Allkin Active Ageing Centre @ Punggol 206A,Mon - Fri: 9.00am - 6.00pm,"206A Punggol Place, #01-2030, 821206",821206,1.39922535957607,103.901496029963
75,Care Corner Active Ageing Centre TP149,Mon - Fri: 9.00am - 6.00pm | Sat: 9.00am - 1.00pm,"149 Lor 1 Toa Payoh, #01-963, 310149",310149,1.33378491718625,103.84376074201
72,St Andrew's Active Ageing Centre (Havelock),Mon - Fri: 9.00am - 5.00pm,"51 Havelock Road, Havelock View, #01-25, 161051",161051,1.28994618456452,103.827679720482
73,NTUC Health Active Ageing Centre (Bukit Merah View),Mon - Fri: 9.00am - 6.00pm | Sat: For events only | Closed on Sun & Public Holiday,"117 Bukit Merah View, #01-205, 151117",151117,1.28430105508162,103.821907213378
84,Allkin Active Ageing Centre @ Sengkang 139,Mon - Fri: 9.00am – 6.00pm,"139 Rivervale Street, #01-764, 540139",540139,1.38887019170638,103.904295614592
81,Goodlife Studio (Tampines 251),Mon - Fri: 9.00am - 6.00pm,"251 Tampines Street 21, #01-458, 520251",520251,1.35275541922653,103.948119177521
89,Allkin Active Ageing Centre @ Sin Ming 410,Mon - Fri: 9.00am - 6.00pm,"410 Sin Ming Ave, #01-119, 570410",570410,1.36282061651362,103.835492017392
86,Allkin Active Ageing Centre @ Ang Mo Kio 420,Mon - Fri: 9.00am - 6.00pm,"420 Ang Mo Kio Ave 10, #01-1143, 560420",560420,1.36499919016779,103.853111647739
80,NTUC Health Active Ageing Centre (Serangoon Central),Mon - Fri: 9.00am - 6.00pm | Sat: For events only | Closed on Sunday & PH,"424 Serangoon Central, #01-324, 550424",550424,1.34814738936672,103.875590835007
87,Allkin Active Ageing Centre @ Ang Mo Kio 510,Mon - Fri: 9.00am - 6.00pm,"510 Ang Mo Kio Ave 8, #01-2556, 560510",560510,1.37340092645025,103.849073244454
88,Allkin Active Ageing Centre @ Pasir Ris 476A,Mon - Fri: 9.00am - 6.00pm,"476A Pasir Ris Drive 6, #01-618, 511476",511476,1.37487649158241,103.957791910218
85,Allkin Active Ageing Centre @ Ang Mo Kio 420 - Branch,Mon - Fri: 9.00am - 6.00pm,"469 Ang Mo Kio Ave 10, #01-940, 560469",560469,1.36452029379673,103.856631941425
82,Goodlife Studio (Tampines 235),Mon - Fri: 9.00am - 6.00pm,"235 Tampines Street 21, #01-509, 521235",521235,1.35549080919861,103.948259265817
83,FaithActs (Margaret Drive),"Mon - Fri: 9.00am - 6.00pm | Closed on Sat, Sun & Public Holiday","40 Margaret Drive, #01-07, 140040",140040,1.29645842578646,103.806207569922
94,Jalan Besar Active Ageing Centre,Mon - Fri: 9.00am - 5.00pm,"811 French Road, #01-112, 200811",200811,1.30775370097876,103.86129187084
91,Active Ageing Centre at Bukit Batok East,"Mon - Fri: 9.30am - 12.30pm, 2.00pm - 5.30pm","288D Bukit Batok Street 25, #01-40, 653288",653288,1.34580304817683,103.759260051639
99,NTUC Health Active Ageing Centre (Care) (Tampines),Mon - Fri: 9.00am - 6.00pm | Sat: For events only | Closed on Sun & Public Holiday,"1 TAMPINES STREET 22, #01-02, 529367",529367,1.34965003102913,103.95141650923
96,NTUC Health Active Ageing Centre (Woodlands East),Mon - Fri: 9.00am - 6.00pm | Sat: For events only | Closed on Sun & Public Holiday,"691C Woodlands Drive 73, #01-43, 733691",733691,1.43981455081875,103.806041331649
90,Allkin Active Ageing Centre @ Sengkang 182,Mon - Fri: 9.00am - 6.00pm,"182 Rivervale Crescent, #01-311, 540182",540182,1.39047126956208,103.909215796683
97,NTUC Health Active Ageing Centre (Pioneer),Mon - Fri: 9.00am - 6.00pm | Sat: For events only | Closed on Sun & Public Holiday,"662A Jurong West Street 64, #01-328, 641662",641662,1.33688578252671,103.702739749317
98,NTUC Health Active Ageing Centre (Care) (Bukit Batok West),Mon - Fri: 9.00am - 6.00pm | Sat: For events only | Closed on Sun & Public Holiday,"439 Bukit Batok West Avenue 8, #02-01, 650439",650439,1.35735758102665,103.739983046884
95,NTUC Health Active Ageing Centre (Nanyang),Mon - Fri: 9.00am - 6.00pm | Sat: For events only | Closed on Sun & Public Holiday,"817 Jurong West Street 81, #01-30, 640817",640817,1.34470598575848,103.695720951625
92,Loving Heart Active Ageing Centre (229 Jurong East),Mon - Fri: 9.00am - 5.30pm | Sat: For events only | Closed on Sun & Public Holiday,"229 Jurong East Street 21, #01-701 , 600229",600229,1.34183055675235,103.738020275061
93,The Salvation Army Peacehaven Bedok Arena,Mon-Fri: 8:00am to 5:00pm,"187 Bedok North Street 4, #01-02, 460187",460187,1.33083543731954,103.940641339343
104,NTUC Health Active Ageing Centre (Care) (Bukit Merah Silat),Mon - Fri: 9.00am - 6.00pm | Sat: For events only | Closed on Sun & Public Holiday,"141 JALAN BUKIT MERAH, #01-1172, 160141",160141,1.27714559744846,103.828738908605
101,NTUC Health Active Ageing Centre (Care) (Marsiling),"Mon - Fri: 9.00am - 6.00pm | Sat: For events only | Closed on Sat, Sun and Public Holiday","172 WOODLANDS STREET 13, #01-315, 730172",730172,1.43398859274828,103.777490482198
109,NTUC Health Active Ageing Centre (Telok Blangah),Mon - Fri: 9.00am - 6.00pm | Sat: For events only | Closed on Sun & Public Holiday,"41 Telok Blangah Rise, #01-373, 090041",090041,1.27147195091921,103.822992108909
106,NTUC Health Active Ageing Centre (Mt. Faber),Mon - Fri: 9.00am - 6.00pm | Sat: For events only | Closed on Sun & Public Holiday,"76 Telok Blangah Drive, #01-252, 100076",100076,1.27438363830311,103.808741773193
100,NTUC Health Active Ageing Centre (Care) (Pasir Ris Central),Mon - Fri: 9.00am - 6.00pm | Sat: For events only | Closed on Sun & Public Holiday,"112 PASIR RIS STREET 11, #01-657, 510112",510112,1.36770577441558,103.955796373988
107,NTUC Health Active Ageing Centre (Marsiling),Mon - Fri: 9.00am - 6.00pm | Sat: For events only | Closed on Sun & Public Holiday,"180A Marsiling Road, #01-2208, 731180",731180,1.43904320861563,103.778109726656
108,NTUC Health Active Ageing Centre (Whampoa),Mon - Fri: 9.00am - 6.00pm | Sat: For events only | Closed on Sun & Public Holiday,"116 Jalan Tenteram, #01-06, 320116",320116,1.32769993704525,103.861236369481
105,NTUC Health Active Ageing Centre (Boon Lay),Mon - Fri: 9.00am - 6.00pm | Sat: For events only | Closed on Sun & Public Holiday,"179 Boon Lay Drive, #01-448, 640179",640179,1.34703395486511,103.708985502465
102,NTUC Health Active Ageing Centre (Care) (Heartbeat @ Bedok),Mon - Fri: 9.00am - 6.00pm | Sat: For events only | Closed on Sun & Public Holiday,"11 BEDOK NORTH STREET 1, #02-02, 469662",469662,1.32662388643563,103.931806159881
103,NTUC Health Active Ageing Centre (Care) (Wisma Geylang Serai),Mon - Fri: 9.00am - 6.00pm | Sat: For events only | Closed on Sun & Public Holiday,"1 ENGKU AMAN TURN, #03-04, 408528",408528,1.31649443408571,103.896941669743
114,NTUC Health Active Ageing Centre (Care) (Jurong Central Plaza),Mon - Fri: 9.00am - 6.00pm | Sat: For events only | Closed on Sun & Public Holiday,"493 Jurong West Street 41, #02-01, 640493",640493,1.34896996021593,103.724938358616
119,Kwong Wai Shiu Care @ Potong Pasir,"Mon - Fri: 7.00am - 7.00pm | Closed on Sat, Sun & Public Holiday","51 POTONG PASIR AVENUE 1, 358400",358400,1.33503582793654,103.863977651326
111,NTUC Health Active Ageing Centre (Lengkok Bahru),Mon - Fri: 9.00am - 6.00pm | Sat: For events only | Closed on Sun & Public Holiday,"57 Lengkok Bahru, #01-491, 151057",151057,1.28821077489025,103.814148003065
116,THK AAC @ Bukit Merah View,Mon - Fri: 8.30am - 5.30pm | Sat: 8.30am - 12.30pm,"118 Bukit Merah View, #02-101, 150118",150118,1.28405665902905,103.821065058206
110,NTUC Health Active Ageing Centre (Taman Jurong),Mon - Fri: 9.00am - 6.00pm | Sat: For events only | Closed on Sun & Public Holiday,"118A Corporation Drive, #01-01, 611118",611118,1.3355807322376,103.723317929284
117,Kwong Wai Shiu Care @ McNair,Mon - Fri: 7.00am - 7.00pm,"113 McNair Road, McNair Towers, #01-01, 321113",321113,1.32100686964356,103.85982430866
118,Kwong Wai Shiu Care @ MacPherson,Mon - Fri: 9.00am - 6.00pm,"82 Circuit Road, MacPherson Spring (MSCP), #01-02, 370082",370082,1.3243273088009,103.890105126775
115,Fei Yue Active Ageing Centre (Fajar),Mon - Fri: 9.30am - 6.00pm,"406 FAJAR ROAD, #01-295, 670406",670406,1.38185025770492,103.767573058956
112,NTUC Health Active Ageing Centre (Bukit Merah),Mon - Fri: 9.00am - 6.00pm | Sat: For events only | Closed on Sun & Public Holiday,"117 Jalan Bukit Merah, #01-1683, 160117",160117,1.28170700587327,103.82683952932
113,NTUC Health Active Ageing Centre (Care) (Kampung Admiralty),Mon - Fri: 9.00am - 6.00pm | Sat: For events only | Closed on Sun & Public Holiday,"676 Woodlands Drive 71, #06-01, 730676",730676,1.43974951798078,103.800720711621
124,THK AAC @ MacPherson,Mon - Fri: 8.30am - 5.30pm | Sat: 8.30am - 12.30pm,"90 Pipit Road, #01-103, 370090",370090,1.32337965213726,103.886521328286
121,THK AAC @ Fengshan 114,Mon - Fri: 8.30am - 5.30pm | Sat: 8.30am - 12.30pm,"114 Bedok North Street 2, #01-240, 460114",460114,1.33050521254379,103.93581688525
129,THK AAC @ Cassia,Mon - Fri: 8.30am - 5.30pm | Sat: 8.30am - 12.30pm,"52 Cassia Crecent, #01-155, 390052",390052,1.31067221805457,103.88503171279
126,THK AAC @ Boon Lay,Mon - Fri: 8.30am - 5.30pm | Sat: 8.30am - 12.30pm,"190 Boon Lay Drive, #01-242, 640190",640190,1.34507676207703,103.711850425927
120,THK AAC @ Chong Pang,Mon - Fri: 8.30am - 5.30pm | Sat: 8.30am - 12.30pm,"131 Yishun Street 11, #01-237, 760131",760131,1.43316260592868,103.831684787748
127,THK AAC @ Bedok,Mon - Fri: 8.30am - 5.30pm | Sat: 8.30am - 12.30pm,"12 Bedok South Avenue 2, #01-610, 460012",460012,1.32110310080964,103.936900156912
128,THK AAC @ AMK 645,Mon - Fri: 8.30am - 5.30pm | Sat: 8.30am - 12.30pm,"645 Ang Mo Kio Avenue 6, #01-4937, 560645",560645,1.37927553533411,103.842235624758
125,THK AAC @ Kaki Bukit,Mon - Fri: 8.30am - 5.30pm | Sat: 8.30am - 12.30pm,"509B Bedok North Street 3, #02-157, 462509",462509,1.33369345595931,103.930396926009
122,THK AAC @ Fengshan 101,Mon - Fri: 8.30am - 5.30pm | Sat: 8.30am - 12.30pm,"101 Bedok North Avenue 4, #01-1958, 460101",460101,1.334484667124,103.937924710969
123,THK AAC @ Telok Blangah Crescent,Mon - Fri: 8.30am - 5.30pm | Sat: 8.30am - 12.30pm,"3 Telok Blangah Crescent, #01-504, 090003",090003,1.27866784718784,103.81752660481
134,All Saints Silver Lifestyle Club @ Yishun Central,"Mon - Fri: 9.00am - 6.00pm | Closed on Sat, Sun & Public Holiday (Organisational activities may be held on selected Saturdays)","2 YISHUN AVENUE 9, #01-02, 768898",768898,1.43035851992416,103.839190698939
131,THK AAC @ Beo Crescent,Mon - Fri: 9.00am - 6.00pm | Sat: 9.00am - 1.00pm,"44 Beo Crescent, The Beo Crescent, #01-67, 160044",160044,1.2888091628641,103.82629508593
139,PCF Sparkle Care Active Ageing Centre (Care) @ Eunos,Mon - Fri: 9.00am - 6.00pm | Sat: 9.00am - 1.00pm | Closed on Sun & Public Holiday,"650 JALAN TENAGA, 410650",410650,1.3318679857149,103.907573911026
136,Friends @ St Hilda’s Link,Mon - Fri: 9.00am - 5.00pm | Sat: 9.00am - 1.00pm,"10 Jalan Batu, #01-06, 431010",431010,1.30204488252463,103.882887148325
130,THK AAC @ Bukit Batok,Mon - Fri: 8.30am - 5.30pm | Sat: 8.30am - 12.30pm,"235 Bukit Batok East Avenue 5, Gombak Gardens, #01-21, 650235",650235,1.34848352110457,103.756300449103
137,PCF Sparkle Care Active Ageing Centre (Care) @ Yew Tee,Mon - Fri: 9.00am - 6.00pm | Sat: 9.00am - 1.00pm | Closed on Sun & Public Holiday,"625 CHOA CHU KANG STREET 62, #01-206, 680625",680625,1.39863065232743,103.746034051085
138,PCF Sparkle Care Active Ageing Centre (Care) @ Shunfu,Mon - Fri: 9.00am - 6.00pm | Sat: 9.00am - 1.00pm | Closed on Sun & Public Holiday,"313 SHUNFU ROAD, #01-287, 570313",570313,1.35147881263426,103.837185216121
132,THK AAC @ AMK 208,Mon - Fri: 8.30am - 5.30pm | Sat: 8.30am - 12.30pm,"208 Ang Mo Kio Ave 1, #01-1019, 560208",560208,1.36544495225352,103.842715047475
135,Thong Kheng Active Ageing Centre (Queenstown),Mon - Fri: 8.30am - 5.00pm | Sat: 9.00am - 12.30pm,"3 Jalan Bukit Merah, #01-5070, 150003",150003,1.28713355463932,103.807000516738
133,All Saints Silver Lifestyle Club @ Yishun Fern Grove,"Mon - Fri: 9.00am - 6.00pm | Closed on Sat, Sun & Public Holidays (Organisational activities may be held on selected Saturdays)","674 YISHUN AVENUE 4, #01-11, 760674",760674,1.42013882092707,103.843103840166
144,Precious Active Ageing Centre (Fajar Spring),Mon - Fri: 8.30am - 6.00pm,"454 Fajar Road, #01-582, 670454",670454,1.38450243119902,103.771537431563
141,Precious Active Ageing Centre (Yishun Greenwalk),Mon - Fri: 8.30am - 6.00pm,"317B Yishun Avenue 9, #01-284, 762317",762317,1.43416878511817,103.842950441024
149,MWS Active Ageing Centre - Golden Lily@Pasir Ris,Mon - Fri: 8.30am - 5.00pm,"212A Pasir Ris Street 21, #01-616, 511212",511212,1.36809411097208,103.960172610004
146,TOUCHpoint@AMK 433,Mon - Fri: 9.00am - 5.00pm,"433 Ang Mo Kio Avenue 10, #01-1415, 560433",560433,1.36807652285135,103.854353042615
140,PCF Sparkle Care Active Ageing Centre (Care) @ Braddell Heights,Mon - Fri: 9.00am - 6.00pm | Sat: 9.00am - 1.00pm | Closed on Sun & Public Holiday,"307 SERANGOON AVENUE 2, #01-44, 550307",550307,1.35462817749301,103.867068733428
147,THK AAC @ Toa Payoh 15,Mon - Fri: 8.30am - 5.30pm | Sat: 8.30am - 12.30pm,"15 Toa Payoh Lorong 7, #01-579, 310015",310015,1.33592183813398,103.859058481639
148,THK AAC @ AMK 257,Mon - Fri: 8.30am - 5.30pm | Sat: 8.30am - 12.30pm,"257 Ang Mo Kio Avenue 4, #01-67, 560257",560257,1.37017011394308,103.835782464252
145,Active Global Ghim Moh Active Ageing Centre (Care),Mon - Sun: 8.00am - 7.00pm,"31A Ghim Moh Link, #01-11, 272031",272031,1.30932882169755,103.784354189521
142,Precious Active Ageing Centre (Sunshine Gardens),Mon - Fri: 8.30am - 6.00pm,"488B Choa Chu Kang Avenue 5, #01-145, 682488",682488,1.3769739817533,103.739293156619
143,Precious Active Ageing Centre (SkyTerrace@Dawson),Mon - Fri: 8.30am - 6.00pm,"93 Dawson Road, #01-02, 142093",142093,1.2949922696335,103.8117965437
154,Precious Active Ageing Centre (Compassvale Ancilla),Mon - Fri: 8.30am - 6.00pm,"279C Sengkang East Ave, #01-541, 543279",543279,1.38572932197005,103.892595434586
151,SASCO@WestCoast AAC (Care),Mon - Fri: 8.30am – 5.30pm,"704 West Coast Road, #01-431, 120704",120704,1.30634750622019,103.760538027126
159,Lions Befrienders AAC @Tampines 434,Mon - Fri: 9.00am - 6.00pm,"434 Tampines St 43, #01-77, 520434",520434,1.3592418423449,103.951613078969
156,Muhammadiyah Active Ageing Centre,Mon - Fri: 8.30am - 5.30pm,"701B Yishun Avenue 5, Golden Palms, #02-612, 762701",762701,1.42983378150608,103.827384256677
150,CareElderly@Circuit,"Mon, Tue, Thu, Fri: 9.00am - 5.30pm | Wed: 2.00pm - 5.30pm | Sat: 9.00am - 12.30pm","35 Circuit Road, #01-432, 370035",370035,1.32915899694507,103.886010316123
157,Loving Heart Active Ageing Centre (318A Jurong East),Mon - Fri: 9.00am - 5.30pm,"318A Jurong East Ave 1, #02-308, 601318",601318,1.3476235248659,103.731009078651
158,Lions Befrienders AAC @Ang Mo Kio 318,Mon - Fri: 9.00am - 6.00pm,"318 Ang Mo Kio Avenue 1, #01-1453, 560318",560318,1.36556040472259,103.847648115797
152,Sunlove Active Ageing Centre @ Chai Chee,Mon - Fri: 8.00am - 5.00pm,"31 Chai Chee Avenue, #01-150, 461031",461031,1.32420140338849,103.9248788773
155,TOUCHpoint@Yishun 436,Mon - Fri: 8.00am - 5.00pm,"436 Yishun Avenue 11, #01-224, 760436",760436,1.42137878090937,103.84610055242
153,Orange Valley Active Ageing Centre@ Woodlands Peak,Mon - Fri: 9.00am - 6.00pm | Sat: 9.00am - 1.00pm,"302A Woodlands Street 31, #01-327, 731302",731302,1.43185558749484,103.775294044439
164,Blossom Seeds Active Ageing Centre @ East Canberra,Mon - Fri: 9.00am - 6.00pm,"105 Canberra Street, #02-01/06, 750105",750105,1.44885564679911,103.832409172149
161,Jia Ying Active Ageing Centre,Mon - Fri: 8.30am – 6.00pm,"19 Hougang Ave 3, #01-187, 530019",530019,1.36378961600309,103.891813266061
169,Tzu Chi SEEN @ Nanyang,Mon - Fri: 8.30am - 5.30pm | Sat: 8.30am - 12.30pm | Closed on Sun & Public Holiday,"712B JURONG WEST STREET 71, #01-203, 642712",642712,1.34289417856781,103.696892615091
166,St Luke's ElderCare Active Ageing Centre (Care) @ Nee Soon East,"Mon - Fri: 9.00am - 6.00pm | Closed on Sat, Sun & Public Holiday","260 YISHUN STREET 22, #01-97, 760260",760260,1.43547754128002,103.839276532996
160,Jia Ying Active Ageing Centre - Branch,Mon - Fri: 8.30am – 6.00pm,"25 Hougang Ave 3, #01-442, 530025",530025,1.36582642261344,103.891705966146
167,St Luke's ElderCare Active Ageing Centre (Care) @ Nee Soon Central,"Mon - Fri: 9.00am - 6.00pm | Closed on Sat, Sun & Public Holiday","766 YISHUN AVENUE 3, #01-295, 760766",760766,1.42470239952978,103.833949786818
168,Active Global Telok Blangah Active Ageing Centre (Care),"Mon - Fri: 7.00am - 8.00pm | Sat, Sun & Public Holiday: 9.00am - 5.00pm","92 TELOK BLANGAH STREET 31, #01-255, 100092",100092,1.27621463534143,103.807644658523
165,AWWA Active Ageing Centre,Mon - Fri: 8.30am - 5.30pm,"123 Ang Mo Kio Avenue 6, #01-4011, 560123",560123,1.37048118793194,103.844805800791
162,Filos@Chai Chee,Mon - Fri: 9.00am - 6.00pm,"22 CHAI CHEE ROAD, #01-538, 461022",461022,1.3252421417405,103.921811368429
163,Fei Yue Active Ageing Centre (Hougang),Mon - Fri: 9.30am - 6.00pm,"174A Hougang Ave 1, #01-1505, 531174",531174,1.34959952841041,103.888750009608
174,Lions Befrienders AAC @Ghim Moh 18,Mon - Fri: 9.00am - 6.00pm,"18 Ghim Moh Road, #01-115, 270018",270018,1.31015054686008,103.787082418192
171,St Luke’s Eldercare Active Ageing Centre (Care) @ Chong Pang,Mon - Fri: 8.30am - 5.30pm,"113 Yishun Ring Road, #01-457, 760113",760113,1.43513580201461,103.828873241093
179,Lentor Health AAC(Care)@TLR,Mon - Fri: 9.00am - 6.00pm | Sat: 9.00am - 1.00pm | Closed on Sun & Public Holiday,"51 LENTOR AVENUE, 786876",786876,1.39149200770667,103.837241721986
176,Loving Heart Multi-Service Centre,Mon - Fri: 9.00am - 5.30pm | Sat: 9.00am - 1.00pm,"210 JURONG EAST STREET 21, #01-389, 600210",600210,1.33889493784685,103.73855509854
170,Active Global @ Fernvale Glades,"Mon - Fri: 7.00am - 8.00pm | Sat, Sun and Public Holiday: 9.00am - 5.00pm","461C SENGKANG WEST WAY, 793461",793461,1.39410542991766,103.870728366216
177,St Luke's ElderCare Active Ageing Centre (Care) @ Northshore,"Mon - Fri: 9.00am - 6.00pm | Closed on Sat, Sun & Public Holiday","417 NORTHSHORE DRIVE, #01-03, 820417",820417,1.41741430696277,103.900744398319
178,St Luke's ElderCare Active Ageing Centre (Care) @ Anchorvale,"Mon - Fri: 9.00am - 6.00pm | Closed on Sat, Sun & Public Holiday","353 ANCHORVALE LANE, #01-01, 540353",540353,1.39315967650223,103.88565992411
175,St. Andrew's Active Ageing Centre (Dover),Mon - Fri: 9.00am - 6.00pm | Sat: 9.00am - 1.00pm | Closed on Sun & Public Holiday,"4 DOVER ROAD, 130004",130004,1.30340768255151,103.783274045827
172,Cornerstone@ChengSan Active Ageing Centre,Mon - Fri: 8.00am - 5.00pm,"591A Ang Mo Kio Street 51, #01-35, 561591",561591,1.37093324079314,103.851940766136
173,Lions Befrienders AAC @Mei Ling 150,Mon - Fri: 9.00am - 6.00pm,"150 Mei Ling Street, #01-53, 141150",141150,1.29490307854693,103.803699298575
184,St Luke's ElderCare Active Ageing Centre (Care) @ Bukit Timah,"Mon - Fri: 9.00am - 6.00pm | Closed on Sat, Sun & Public Holiday","310 CLEMENTI AVENUE 4, #01-263, 120310",120310,1.32027016006349,103.765944899873
181,St Luke's ElderCare Active Ageing Centre (Care) @ Hougang,"Mon - Fri: 9.00am - 6.00pm | Closed on Sat, Sun & Public Holiday","126 HOUGANG AVENUE 1, #01-1506, 530126",530126,1.35223030818128,103.885711060613
189,Ren Ci AAC (Care) @ Bukit Batok St. 52,"Mon - Fri: 9.00am - 5.30pm | Closed on Sat, Sun & Public Holiday | (Half day on eve of PH)","31 BUKIT BATOK STREET 52, 659251",659251,1.35499119318065,103.75155979178
186,St Luke's ElderCare Active Ageing Centre (Care) @ Bishan,"Mon - Fri: 9.00am - 6.00pm | Closed on Sat, Sun & Public Holiday","152B BISHAN STREET 11, #01-271, 572152",572152,1.3453342006773,103.854098182349
180,Sunlove Active Ageing Centre (Care) @ Ang Mo Kio,Mon - Fri: 8.00am - 5.00pm | Sat: 8.00am - 12.00pm | Closed on Sun & Public Holiday,"557 ANG MO KIO AVENUE 10, #01-1874, 560557",560557,1.3716257020332,103.857736107527
187,SNM AAC (Care)@Woodlands,"Mon-Fri: 9.00am - 5.30pm | Closed on Sat, Sun & Public Holiday","861 WOODLANDS STREET 83, #01-170, 730861",730861,1.43966015258891,103.795235776713
188,Sheng Hong Active Ageing Centre (Care) @ Sennett,Mon - Fri: 9.00am - 6.00pm | Sat: 9.00am - 1.00pm | Closed on Sun & Public Holiday,"175 MACPHERSON ROAD, 348537",348537,1.33020804167321,103.874549888013
182,St Luke's ElderCare Active Ageing Centre (Care) @ Clementi,"Mon - Fri: 9.00am - 6.00pm | Closed on Sat, Sun & Public Holiday","602 CLEMENTI WEST STREET 1, #01-25, 120602",120602,1.30512415125823,103.766300972142
185,St Luke's ElderCare Active Ageing Centre (Care) @ Ayer Rajah,"Mon - Fri: 9.00am - 6.00pm | Closed on Sat, Sun & Public Holiday","150A PANDAN GARDENS, #01-01, 609342",609342,1.3212933695135,103.747648912115
183,St Luke's ElderCare Active Ageing Centre (Care) @ Changkat,"Mon - Fri: 9.00am - 6.00pm | Closed on Sat, Sun & Public Holiday","350 TAMPINES STREET 33, #01-438, 520350",520350,1.35380661871004,103.962935246726
194,ECONLIFE! Hub @ Yung Kuang,Mon - Fri: 9.00am - 6.00pm | Sat: 9.00am - 1.00pm (Alternate),"175B YUNG KUANG ROAD, #01-27, 612175",612175,1.33283359282698,103.721043381424
199,Fei Yue Active Ageing Centre (Limbang Green),Mon - Fri: 9.30am - 6.00pm,"574 Choa Chu Kang Street 52, #01-296, 680574",680574,1.39441490205275,103.745142689272
191,Adventist Nursing and Rehabilitation Centre,"Mon - Fri: 9.00am - 5:30pm | Closed on Sat, Sun & Public Holiday","128 PENDING ROAD, #01-328, 670128",670128,1.37599511163058,103.769766187776
196,Adventist Active Centre @ Golden Clover,"Mon - Fri: 8.30am - 6.00pm | Closed on Sat, Sun & Public Holiday","196 KIM KEAT AVENUE, #01-506, 310196",310196,1.33130492413517,103.859019241044
190,Hua Mei AAC (Care) @ ComSA Whampoa,Mon - Fri: 9.00am - 6.00pm | Sat: 9.00am - 1.00pm | Closed on Sun & Public Holiday,"300 WHAMPOA DRIVE, 327737",327737,1.32486749296569,103.85720121091
197,Orange Valley Active Ageing Centre (Care) @ Alkaff Crescent,Mon - Fri: 9.00am - 6.00pm | Sat: 9.00am - 1.00pm,"115C ALKAFF CRESCENT, ALKAFF LAKEVIEW, #03-01, 343115",343115,1.33722847497236,103.872886634076
192,FRCS Active Ageing Centre,Mon - Fri: 8.30am - 5.30pm | Sat & Sun: Closed,"386 BUKIT BATOK WEST AVENUE 5, #01-348, 650386",650386,1.36393942184816,103.752556035691
195,Adventist Active Centre @ Golden Peony,"Mon - Fri: 8.30am - 6.00pm | Closed on Sat, Sun & Public Holiday","530A JURONG WEST AVENUE 1, #01-907, 641530",641530,1.34793619788802,103.715691141274
198,Active Ageing Centre (Care) @ Teck Whye Vista,Mon - Wed & Fri: 9.00am - 5.30pm | Thu: 1.30pm - 5.30pm,"153 JALAN TECK WHYE, #03-151, 680153",680153,1.37915123926616,103.758554890844
193,FaithActs (Commonwealth Drive),"Mon - Fri: 9.00am - 6.00pm | Closed on Sat, Sun & Public Holiday","50 COMMONWEALTH DRIVE, #01-506, 142050",142050,1.30112909158394,103.797123032464
204,REACH Senior Centre @ Bukit Batok,Mon - Wed & Fri: 9.00am - 5.30pm | Thu: 1.30pm - 5.30pm,"417 Bukit Batok West Avenue 4, #01-284, 650417",650417,1.3628909909218,103.746539240126
201,Fei Yue Active Ageing Centre (Teck Whye extension),Mon - Fri: 9.30am - 6.00pm,"165A Teck Whye Crescent, #01-331, 681165",681165,1.38273704594211,103.753517098194
209,TRANS FOCUS Active Ageing Centre,Mon - Fri: 9.00am - 5:00pm,"3 Toh Yi Drive, #01-189, 590003",590003,1.33877430429858,103.775254200454
206,Moral Active Ageing Centre @ Kaki Bukit,Mon - Fri: 9.00am - 5.00pm | Sat: 9.00am - 1.00pm,"544 Bedok North Street 3, #01-1340, 460544",460544,1.33054567545015,103.924246700188
200,Sunlove Active Ageing Centre @ Marsiling,Mon - Fri: 8.30am - 5.00pm,"3 Marsiling Road, #01-5137, 730003",730003,1.43940804570463,103.776451916046
207,Lions Befrienders AAC @ Clementi 344,Mon - Fri: 9.00am - 6.00pm,"344 Clementi Avenue 5, #01-132, 120344",120344,1.31812073993323,103.769088401723
202,Vanguard Active Ageing Centre (Care) @ Senja,Mon - Fri: 8.30am - 6.00pm,"50 Woodlands Road, Senja Care Home, #03-01, 677726",677726,1.38271254101906,103.760166444878
205,REACH Senior Centre @ Jalan Membina,Mon - Wed & Fri: 9.00am - 5.30pm | Thu: 1.30pm - 5.30pm,"26B Jalan Membina, #01-188, 165026",165026,1.28309207069724,103.825592376594
208,Vanguard Active Ageing Centre (Care) @ Woodlands,Mon - Fri: 8.30am - 6.00pm,"2 Woodlands Rise, Woodlands Care Home, 737749",737749,1.44612881154559,103.804589469079
203,REACH Senior Centre @ Bukit Gombak Vista,Mon - Wed & Fri: 9.00am - 5.30pm | Thu: 1.30pm - 5.30pm,"377A Bukit Batok Street 31, #01-24, 651377",651377,1.35921948269437,103.749867526921
214,Sunlove Active Ageing Centre @ Depot Heights,Mon - Fri: 8.30am - 5.00pm,"102A Depot Road, #01-659, 101102",101102,1.28029134553105,103.81333235886
211,ECONLIFE! Hub,Mon - Fri: 9.00am - 6.00pm | Alternate Sat: 9.00am - 1.00pm,"327A Anchorvale Road, #01-344, 541327",541327,1.39525631314867,103.888613356075
219,CareElderly@Golden Ginger,"Mon, Tue, Thu, Fri: 9.00am - 5.30pm | Wed: 2.00pm - 5.30pm | Sat: 9.00am - 12.30pm","149A Serangoon North Ave 1, #06-01, 551149",551149,1.36700481675918,103.873272091323
216,MWS Active Ageing Centre - Kebun Baru,Mon - Fri: 9.00am - 5.00pm,"180 Ang Mo Kio Ave 5, #01-2980, 560180",560180,1.37667706463381,103.838361037555
210,MWS Active Ageing Centre - Teck Ghee Vista,Mon - Fri: 9.00am - 5.00pm,"307D Ang Mo Kio Avenue 1, #01-01, 564307",564307,1.36528761496625,103.845512353446
217,MWS Charis ACE Active Ageing Centre - Geylang East,Mon - Fri: 9.00am - 5.00pm,"125 Geylang East Ave 1, #01-05, 381125",381125,1.31744387800501,103.886373732265
212,Geylang East Active Ageing Centre,Mon - Fri: 8.30am - 5.30pm | Sat: 8.30am - 1.00pm,"98 Aljunied Crescent, #01-411, 380098",380098,1.32086525583011,103.885697365861
215,SASCO@Khatib,Mon - Fri: 8.30am - 5.30pm,"813 Yishun Ring Rd, #01-01, 760813",760813,1.4178192926766,103.832677186013
218,Brahm Centre @ Macpherson,Mon - Fri: 9.00am - 6.00pm | Sat: 9.00am - 5.00pm,"55 Pipit Road, #01-01, 370055",370055,1.32373875593209,103.888378421591
213,Sunlove Active Ageing Centre @ Golden Saffron,Mon - Fri: 8.30am - 5.00pm,"764B Woodlands Circle, #01-208, 732764",732764,1.44506585872386,103.797607810105
224,Fei Yue Active Ageing Centre (Teck Whye),Mon - Fri: 9.30am - 6.00pm,"9 Teck Whye Lane, #01-268, 680009",680009,1.38003501182773,103.754145535915
221,Fei Yue Active Ageing Centre (Limbang),Mon - Fri: 9.30am - 6.00pm,"536 Choa Chu Kang Street 51, #01-142, 680536",680536,1.39181847386694,103.744050333747
229,Fei Yue Active Ageing Centre (Sunshine Court),Mon - Fri: 9.30am - 6.00pm,"476C Choa Chu Kang Ave 5, #01-43, 683476",683476,1.37734684156778,103.737912934165
226,Lions Befrienders AAC @Tampines 494E,Mon - Fri: 9.00am - 6.00pm,"494E Tampines St 43, #01-544, 525494",525494,1.36421531545345,103.953511202271
220,Fei Yue Active Ageing Centre (Hougang Dewcourt),Mon - Fri: 9.30am - 6.00pm,"376C Hougang St 32, #01-32, 533376",533376,1.36406322514465,103.893679750644
227,TOUCHpoint@Wellington 513,Mon - Fri: 8.00am - 5.00pm,"513 Wellington Circle, Wellington Vale, #01-34, 750513",750513,1.45420776620009,103.82013524496
225,Lions Befrienders AAC @Tampines 499C,Mon - Fri: 9.00am - 6.00pm,"499C Tampines Ave 9, #01-256, 523499",523499,1.35954027648641,103.956108837804
222,Fei Yue Active Ageing Centre (Senja),Mon - Fri: 9.30am - 6.00pm,"634B Senja Road, #02-227, 672634",672634,1.38611988630201,103.758328624429
228,TOUCHpoint@Yishun 162,Mon - Fri: 8.00am - 5.00pm,"162 Yishun Street 11, #01-270, 760162",760162,1.43305540741239,103.832397917463
223,Fei Yue Active Ageing Centre (Serangoon),Mon - Fri: 9.30am - 6.00pm,"223A Serangoon Avenue 4, #01-217, 551223",551223,1.35784166371874,103.871144562235
234,Fei Yue Active Ageing Centre (Brickland),Mon - Fri: 9.30am - 6.00pm,"809A Choa Chu Kang Avenue 1, #01-628, 681809",681809,1.37520977307986,103.745018192833
239,TOUCHpoint@Geylang Bahru,Mon - Fri: 8.00am - 5.00pm,"61 Geylang Bahru, #01-3293, 330061",330061,1.32231126658548,103.869263053603
231,Precious Active Ageing Centre (Tampines Greenwood),Mon - Fri: 8.30am - 6.00pm,"868C Tampines Ave 8, #01-560, 523868",523868,1.35585780112316,103.933334387633
236,Chinatown Active Ageing Centre (Chin Swee),Mon - Fri: 9.00am - 6.00pm | Sat: 9.00am - 1.00pm,"51 Chin Swee Road, #04-83, 160051",160051,1.2874030079153,103.842029778891
230,Precious Active Ageing Centre (Punggol Emerald),Mon - Fri: 8.30am - 6.00pm,"264A Punggol Way, #01-306, 821264",821264,1.40597704114999,103.898544055197
237,Chinatown Active Ageing Centre (Jalan Kukoh),Mon - Fri: 9.00am - 6.00pm | Sat: 9.00am - 1.00pm,"8 Jalan Kukoh, #04-35, 162008",162008,1.2873776268224,103.839407060595
235,Chinatown Active Ageing Centre (Banda),Mon - Fri: 9.00am - 6.00pm | Sat: 9.00am - 1.00pm,"5 Banda Street, #03-68, 050005",050005,1.28119737026913,103.843437320613
232,Precious Active Ageing Centre (Treegrove@Woodlands),Mon - Fri: 8.30am - 6.00pm,"887 Woodlands Drive 50, #01-01, 730887",730887,1.4375511678734,103.794699670585
238,Precious Active Ageing Centre (Punggol Ripples),Mon - Fri: 8.30am - 6.00pm,"211B Punggol Walk, #01-627, 822211",822211,1.40116989540271,103.899920878173
233,Fei Yue Active Ageing Centre (Buangkok Green),Mon - Fri: 9.30am – 6.00pm,"582A Buangkok Green, #02-540, 531582",531582,1.37926915596285,103.88698739385
240,Tzu Chi SEEN @ Bukit Batok,Mon - Fri: 8.30am - 5.30pm | Sat: 8.30am - 12.30pm | (Closed on Sunday and Public Holidays),"230A Bukit Batok Street 21, #02-423, 651230",651230,1.34755153967044,103.755783055819
