Centre Name,Operating Hours,CHP Operating Hours,AAC Operating Hours,Address,Postal Code,Latitude,Longitude,Division 2025,Category,longitude,latitude
Sunset Way Residents' Committee,"Every 2nd and 4th Monday of the month,  9:00am - 12:00pm","Every 2nd and 4th Monday of the month,  9:00am - 12:00pm",,"113 Clementi Street 13, #01-39, 120113",120113,1.323684011,103.7701323,Ulu Pandan,CHP,103.7701323,1.323684011
Gateway View Residents' Network,"Every 1st and 3rd Tuesday of the month,  9:00am - 12:00pm","Every 1st and 3rd Tuesday of the month,  9:00am - 12:00pm",,"204 Clementi Avenue 6, #01-09, 120204",120204,1.320985887,103.7632317,Bukit Timah,CHP,103.7632317,1.320985887
Clementi Meadows Residents' Network,"Every 2nd and 4th Wednesday of the month,  9:00am - 12:00pm","Every 2nd and 4th Wednesday of the month,  9:00am - 12:00pm",,"306 Clementi Avenue 4, #01-465, 120306",120306,1.321438261,103.7659013,Bukit Timah,CHP,103.7659013,1.321438261
St Luke's ElderCare Active Ageing Centre (Care) @ Bukit Timah,"Mon - Fri: 9.00am - 6.00pm | Closed on Sat, Sun & Public Holiday",,"Mon - Fri: 9.00am - 6.00pm | Closed on Sat, Sun & Public Holiday","310 Clementi Avenue 4, #01-263, 120310",120310,1.32027016,103.7659449,Bukit Timah,AAC,103.7659449,1.32027016
Lions Befrienders AAC @Clementi 344,"AAC Operating Hours:
Mon - Fri: 9.00am - 6.00pm

CHP Operating Hours:
Every Thursday,  2:00pm - 5:00pm","
Every Thursday,  2:00pm - 5:00pm","
Mon - Fri: 9.00am - 6.00pm

","344 Clementi Avenue 5, #01-132, 120344",120344,1.31812074,103.7690884,Clementi,AAC & CHP,103.7690884,1.31812074
Lions Befrienders AAC @Clementi 367/366,"AAC Operating Hours:
Mon - Fri: 9.00am - 6.00pm

CHP Operating Hours:
Every Wednesday,  9:00am - 12:00pm","
Every Wednesday,  9:00am - 12:00pm","
Mon - Fri: 9.00am - 6.00pm

","366 Clementi Avenue 2, #01-527, 120366",120366,1.312549536,103.7716764,Clementi,AAC & CHP,103.7716764,1.312549536
Lions Befrienders AAC @Clementi 367/366 - Branch,Mon - Fri: 9.00am - 6.00pm,,Mon - Fri: 9.00am - 6.00pm,"367 Clementi Avenue 2, #01-525, 120367",120367,1.312940672,103.7716487,Clementi,AAC,103.7716487,1.312940672
Wellness Space @ Clementi Peaks,"Every 1st and 3rd Saturday of the month, 9:00am - 12:00pm |
Every 2nd and 4th Friday of the month, 2:00pm - 5:00pm","Every 1st and 3rd Saturday of the month, 9:00am - 12:00pm |
Every 2nd and 4th Friday of the month, 2:00pm - 5:00pm",,"463 Clementi Avenue 1, #01-18, 120463",120463,1.310965805,103.7678634,Clementi,CHP,103.7678634,1.310965805
West Coast Heights Resident's Network,"Every 2nd Wednesday of the month,  9:00am - 12:00pm","Every 2nd Wednesday of the month,  9:00am - 12:00pm",,"511 West Coast Drive #01-343, 120511",120511,1.310320167,103.7604116,West Coast,CHP,103.7604116,1.310320167
St Luke's ElderCare Active Ageing Centre (Care) @ Clementi,"Mon - Fri: 9.00am - 6.00pm | Closed on Sat, Sun & Public Holiday",,"Mon - Fri: 9.00am - 6.00pm | Closed on Sat, Sun & Public Holiday","602 Clementi West Street 1, #01-25, 120602",120602,1.305124151,103.766301,West Coast,AAC,103.766301,1.305124151
West Coast Ville Residents' Network,"Every 1st and 3rd Friday of the month,  9:00am - 12:00pm","Every 1st and 3rd Friday of the month,  9:00am - 12:00pm",,"608 Clementi West Street 1, #01-89, 120608",120608,1.304341103,103.7665298,West Coast,CHP,103.7665298,1.304341103
SASCO@WestCoast,"AAC Operating Hours:
Mon - Fri: 8.30am - 5.30pm

CHP Operating Hours:
Every 1st and 3rd Wednesday of the month,  2:00pm - 5:00pm","
Every 1st and 3rd Wednesday of the month,  2:00pm - 5:00pm","
Mon - Fri: 8.30am - 5.30pm

","704 West Coast Road, #01-431, 120704",120704,1.306347506,103.760538,West Coast,AAC & CHP,103.760538,1.306347506
West Coast Wellness Club (West Coast Wellness Centre),"Every Monday,  9:00am - 12:00pm","Every Monday,  9:00am - 12:00pm",,"728 Clementi West Street 2, #01-412, 120728",120728,1.305202068,103.7638334,West Coast,CHP,103.7638334,1.305202068
Lions Befrienders AAC @Clementi 420,"AAC Operating Hours:
Mon - Fri: 9.00am - 6.00pm

CHP Operating Hours:
Every Tuesday,  9:00am - 12:00pm","
Every Tuesday,  9:00am - 12:00pm","
Mon - Fri: 9.00am - 6.00pm

","420A Clementi Avenue 1, #02-03, 121420",121420,1.309733312,103.7686373,Clementi,AAC & CHP,103.7686373,1.309733312
Trivelis Residents' Network,"Every 1st and 3rd Tuesday of the month,  2:00pm - 5:00pm","Every 1st and 3rd Tuesday of the month,  2:00pm - 5:00pm",,"311B Clementi Avenue 4, #01-171, 122311",122311,1.319446691,103.7656494,Bukit Timah,CHP,103.7656494,1.319446691
FaithActs (1 Dover Road),"Every 1st and 3rd Friday of the month,  9:00am - 12:00pm","Every 1st and 3rd Friday of the month,  9:00am - 12:00pm",,"1 Dover Road, 130001",130001,1.302529947,103.7832717,Telok Blangah,CHP,103.7832717,1.302529947
St. Andrew's Active Ageing Centre (Dover),Mon - Fri: 9.00am - 6.00pm | Sat: 9.00am - 1.00pm | Closed on Sun & Public Holiday,,Mon - Fri: 9.00am - 6.00pm | Sat: 9.00am - 1.00pm | Closed on Sun & Public Holiday,"4 Dover Road, 130004",130004,1.303407683,103.783274,Telok Blangah,AAC,103.783274,1.303407683
FaithActs (13 Dover Close East),"Every 2nd and 4th Friday of the month ,  9:00am - 12:00pm","Every 2nd and 4th Friday of the month ,  9:00am - 12:00pm",,"13 Dover Close East, #01-212, 130013",130013,1.305370112,103.7860795,Telok Blangah,CHP,103.7860795,1.305370112
FaithActs (Margaret Drive),"AAC Operating Hours:
Mon - Fri: 9.00am - 6.00pm | Closed on Sat, Sun & Public Holiday

CHP Operating Hours:
Every 1st and 3rd Wednesday of the month,  9:00am - 12:00pm","
Every 1st and 3rd Wednesday of the month,  9:00am - 12:00pm","
Mon - Fri: 9.00am - 6.00pm | Closed on Sat, Sun & Public Holiday

","40 Margaret Drive, #01-07, 140040",140040,1.296458426,103.8062076,Queenstown,AAC & CHP,103.8062076,1.296458426
Fei Yue Active Ageing Centre (Commonwealth),"AAC Operating Hours:
Mon - Fri: 2.00pm - 6.00pm

CHP Operating Hours:
Every 2nd and 4th Wednesday of the month,  2:00pm - 5:00pm","
Every 2nd and 4th Wednesday of the month,  2:00pm - 5:00pm","
Mon - Fri: 2.00pm - 6.00pm

","107 Commonwealth Crescent, #01-230, 140107",140107,1.307862447,103.7993123,Buona Vista,AAC & CHP,103.7993123,1.307862447
FaithActs (Commonwealth Crescent),"Every 1st and 3rd Tuesday of the month,  9:00am - 12:00pm","Every 1st and 3rd Tuesday of the month,  9:00am - 12:00pm",,"118 Commonwealth Crescent, #01-23, 140118",140118,1.306751329,103.8006934,Buona Vista,CHP,103.8006934,1.306751329
Queenstown Multi-Service Centre,"Every 3rd Wednesday of the month,  2:00pm - 5:00pm |
Every 1st Saturday of each quarter (Strictly by appointment), 9:00am - 12:00pm","Every 3rd Wednesday of the month,  2:00pm - 5:00pm |
Every 1st Saturday of each quarter (Strictly by appointment), 9:00am - 12:00pm",,"150 Mei Chin Street, 140150",140150,1.295364329,103.8038201,Queenstown,CHP,103.8038201,1.295364329
Happy Village @ Mei Ling,"Every Wednesday,  2:00pm - 5:00pm","Every Wednesday,  2:00pm - 5:00pm",,"160 Mei Ling Street, #01-293, 140160",140160,1.292096907,103.8042298,Queenstown,CHP,103.8042298,1.292096907
PCS Cedar Tree AAC @Strathmore 61,"AAC Operating Hours:
Mon - Fri: 8.30am - 6.00pm | (Closed for lunch from 12.00pm - 1.00 pm)

CHP Operating Hours:
Every Monday,  2:00pm - 5:00pm","
Every Monday,  2:00pm - 5:00pm","
Mon - Fri: 8.30am - 6.00pm | (Closed for lunch from 12.00pm - 1.00 pm)

","61 Strathmore Avenue, #01-02, 141061",141061,1.29399775,103.8109792,Henderson-Dawson,AAC & CHP,103.8109792,1.29399775
Lions Befrienders AAC @Mei Ling 150,"AAC Operating Hours:
Mon - Fri: 9.00am - 6.00pm

CHP Operating Hours:
Every Thursday,  9:00am - 12:00pm","
Every Thursday,  9:00am - 12:00pm","
Mon - Fri: 9.00am - 6.00pm

","150 Mei Ling Street, #01-53, 141150",141150,1.294903079,103.8036993,Queenstown,AAC & CHP,103.8036993,1.294903079
FaithActs (Commonwealth Drive),"AAC Operating Hours:
Mon - Fri: 9.00am - 6.00pm | Closed on Sat, Sun & Public Holiday

CHP Operating Hours:
Every 2nd and 4th Tuesday of the month ,  9:00am - 12:00pm","
Every 2nd and 4th Tuesday of the month ,  9:00am - 12:00pm","
Mon - Fri: 9.00am - 6.00pm | Closed on Sat, Sun & Public Holiday

","50 Commonwealth Drive, #01-506, 142050",142050,1.301129092,103.797123,Buona Vista,AAC & CHP,103.797123,1.301129092
Precious Active Ageing Centre (SkyTerrace@Dawson),"AAC Operating Hours:
Mon - Fri: 8.30am - 6.00pm

CHP Operating Hours:
Every 2nd and 4th Tuesday of the month,  2:00pm - 5:00pm","
Every 2nd and 4th Tuesday of the month,  2:00pm - 5:00pm","
Mon - Fri: 8.30am - 6.00pm

","93 Dawson Road, #01-02, 142093",142093,1.29499227,103.8117965,Henderson-Dawson,AAC & CHP,103.8117965,1.29499227
Lions Befrienders AAC @Ghim Moh 18,"AAC Operating Hours:
Mon - Fri: 9.00am - 6.00pm

CHP Operating Hours:
Every Thursday,  2:00pm - 5:00pm","
Every Thursday,  2:00pm - 5:00pm","
Mon - Fri: 9.00am - 6.00pm

","18 Ghim Moh Road, #01-115, 270018",270018,1.310150547,103.7870824,Ulu Pandan,AAC & CHP,103.7870824,1.310150547
Fei Yue Active Ageing Centre (Holland Close),"AAC Operating Hours:
Mon - Fri: 9.30am - 6.00pm

CHP Operating Hours:
Every Tuesday,  2:00pm - 5:00pm","
Every Tuesday,  2:00pm - 5:00pm","
Mon - Fri: 9.30am - 6.00pm

","1 Holland Close, #02-115, 271001",271001,1.309219378,103.7967324,Buona Vista,AAC & CHP,103.7967324,1.309219378
Active Global Active Ageing Centre (CARE) @ Ghim Moh Edge,"AAC Operating Hours:
Mon - Sun: 8.00am - 7.00pm

CHP Operating Hours:
Every 4th Monday of the month,  2:30pm - 5:00pm
Every 2nd Thursday of the month, 2:00pm - 5:00pm","
Every 4th Monday of the month,  2:30pm - 5:00pm
Every 2nd Thursday of the month, 2:00pm - 5:00pm","
Mon - Sun: 8.00am - 7.00pm

","31A Ghim Moh Link, #01-11, 272031",272031,1.309328822,103.7843542,Ulu Pandan,AAC & CHP,103.7843542,1.309328822
TRANS FOCUS Active Ageing Centre,Mon - Fri: 9.00am - 5:00pm,,Mon - Fri: 9.00am - 5:00pm,"3 Toh Yi Drive, #01-189, 590003",590003,1.338774304,103.7752542,Bukit Timah,AAC,103.7752542,1.338774304
PCS Cedar Tree AAC @Toh Yi 21,"AAC Operating Hours:
Mon - Fri: 8.30am - 6.00pm | (Closed for lunch from 12.00pm - 1.00pm)

CHP Operating Hours:
Every Thursday,  9:00am - 12:00pm","
Every Thursday,  9:00am - 12:00pm","
Mon - Fri: 8.30am - 6.00pm | (Closed for lunch from 12.00pm - 1.00pm)

","21 Toh Yi Drive, #02-601, 590021",590021,1.338131993,103.7719863,Bukit Timah,AAC & CHP,103.7719863,1.338131993
PPH Community Services Centre,"Every 2nd and 4th Monday of the month,  2:00pm - 5:00pm","Every 2nd and 4th Monday of the month,  2:00pm - 5:00pm",,"44 Teban Gardens Road, #01-407, 600044",600044,1.320753918,103.7416002,Ayer Rajah,CHP,103.7416002,1.320753918
Loving Heart Multi-Service Centre,"AAC Operating Hours:
Mon - Fri: 9.00am - 5.30pm | Sat: 9.00am - 1.00pm

CHP Operating Hours:
Every 1st and 3rd Monday of the month,  9:00am - 12:00pm","
Every 1st and 3rd Monday of the month,  9:00am - 12:00pm","
Mon - Fri: 9.00am - 5.30pm | Sat: 9.00am - 1.00pm

","210 Jurong East Street 21, #01-389, 600210",600210,1.338894938,103.7385551,Yuhua,AAC & CHP,103.7385551,1.338894938
Loving Heart Active Ageing Centre (229 Jurong East),"AAC Operating Hours:
Mon - Fri: 9.00am - 5.30pm | Sat: For events only | Closed on Sun & Public Holiday

CHP Operating Hours:
Every 2nd and 4th Wednesday of the month,  9:00am - 12:00pm","
Every 2nd and 4th Wednesday of the month,  9:00am - 12:00pm","
Mon - Fri: 9.00am - 5.30pm | Sat: For events only | Closed on Sun & Public Holiday

","229 Jurong East Street 21, #01-701 , 600229",600229,1.341830557,103.7380203,Yuhua,AAC & CHP,103.7380203,1.341830557
Yuhua Zone 6 Residents' Network,"Every 2nd and 4th Tuesday of the month,  2:00pm - 5:00pm","Every 2nd and 4th Tuesday of the month,  2:00pm - 5:00pm",,"246 Jurong East Street 24, #01-48, 600246",600246,1.341776588,103.7400573,Yuhua,CHP,103.7400573,1.341776588
Kampung Senang Green and Healthy Living Centre,"Every 2nd Thursday of the month,  9:30am - 12:30pm","Every 2nd Thursday of the month,  9:30am - 12:30pm",,"324 Jurong East Street 31   #01-130, 600324",600324,1.348648993,103.729869,Jurong Central,CHP,103.729869,1.348648993
Loving Heart Active Ageing Centre (318A Jurong East),"AAC Operating Hours:
Mon - Fri: 9.00am - 5.30pm

CHP Operating Hours:
Every Monday,  2:00pm - 5:00pm","
Every Monday,  2:00pm - 5:00pm","
Mon - Fri: 9.00am - 5.30pm

","318A Jurong East Avenue 1, #02-308, 601318",601318,1.347623525,103.7310091,Jurong Central,AAC & CHP,103.7310091,1.347623525
St Luke's ElderCare Active Ageing Centre (Care) @ Ayer Rajah,"AAC Operating Hours:
Mon - Fri: 9.00am - 6.00pm | Closed on Sat, Sun & Public Holiday

CHP Operating Hours:
Every Thursday,  9:00am - 12:00pm","
Every Thursday,  9:00am - 12:00pm","
Mon - Fri: 9.00am - 6.00pm | Closed on Sat, Sun & Public Holiday

","150A Pandan Gardens, #01-01, 609342",609342,1.32129337,103.7476489,Ayer Rajah,AAC & CHP,103.7476489,1.32129337
THK AAC @ Taman Jurong,"AAC Operating Hours:
Mon & Thu: 8.30am - 8.30pm | Tue, Wed & Fri: 8.30am - 5.30pm | Sat: 8.30am - 12.30pm

CHP Operating Hours:
Every 1st and 3rd Tuesday of the month,  2:00pm - 5:00pm","
Every 1st and 3rd Tuesday of the month,  2:00pm - 5:00pm","
Mon & Thu: 8.30am - 8.30pm | Tue, Wed & Fri: 8.30am - 5.30pm | Sat: 8.30am - 12.30pm

","337 Tah Ching Road, #01-01, 610337",610337,1.338181975,103.7226025,Taman Jurong,AAC & CHP,103.7226025,1.338181975
NTUC Health Active Ageing Centre (Taman Jurong),"AAC Operating Hours:
Mon - Fri: 9.00am - 6.00pm | Sat: For events only | Closed on Sun & Public Holiday

CHP Operating Hours:
Every Wednesday,  2:00pm - 5:00pm","
Every Wednesday,  2:00pm - 5:00pm","
Mon - Fri: 9.00am - 6.00pm | Sat: For events only | Closed on Sun & Public Holiday

","118A Corporation Drive, #01-01, 611118",611118,1.335580732,103.7233179,Taman Jurong,AAC & CHP,103.7233179,1.335580732
ECONLIFE! Hub @ Yung Kuang,"AAC Operating Hours:
Mon - Fri: 9.00am - 6.00pm | Sat: 9.00am - 1.00pm (Alternate)

CHP Operating Hours:
Every 2nd Tuesday of the month,  2:00pm - 5:00pm","
Every 2nd Tuesday of the month,  2:00pm - 5:00pm","
Mon - Fri: 9.00am - 6.00pm | Sat: 9.00am - 1.00pm (Alternate)

","175B Yung Kuang Road, #01-27, 612175",612175,1.332833593,103.7210434,Taman Jurong,AAC & CHP,103.7210434,1.332833593
NTUC Health Active Ageing Centre (Boon Lay),"AAC Operating Hours:
Mon - Fri: 9.00am - 6.00pm | Sat: For events only | Closed on Sun & Public Holiday

CHP Operating Hours:
Every Monday,  2:00pm - 5:00pm","
Every Monday,  2:00pm - 5:00pm","
Mon - Fri: 9.00am - 6.00pm | Sat: For events only | Closed on Sun & Public Holiday

","179 Boon Lay Drive, #01-448, 640179",640179,1.347033955,103.7089855,Boon Lay,AAC & CHP,103.7089855,1.347033955
THK AAC @ Boon Lay,"AAC Operating Hours:
Mon - Fri: 8.30am - 5.30pm | Sat: 8.30am - 12.30pm

CHP Operating Hours:
Every Thursday,  9:00am - 12:00pm","
Every Thursday,  9:00am - 12:00pm","
Mon - Fri: 8.30am - 5.30pm | Sat: 8.30am - 12.30pm

","190 Boon Lay Drive, #01-242, 640190",640190,1.345076762,103.7118504,Boon Lay,AAC & CHP,103.7118504,1.345076762
NTUC Health Active Ageing Centre (Care) (Jurong Central Plaza),"AAC Operating Hours:
Mon - Fri: 9.00am - 6.00pm | Sat: For events only | Closed on Sun & Public Holiday

CHP Operating Hours:
Every Friday,  9:00am - 12:00pm","
Every Friday,  9:00am - 12:00pm","
Mon - Fri: 9.00am - 6.00pm | Sat: For events only | Closed on Sun & Public Holiday

","493 Jurong West Street 41, #02-01, 640493",640493,1.34896996,103.7249384,Jurong Central,AAC & CHP,103.7249384,1.34896996
St Andrew's Active Ageing Centre (Jurong West),"AAC Operating Hours:
Mon - Fri: 9.00am - 4.00pm

CHP Operating Hours:
Every 1st and 3rd Thursday of the month, 2:00pm - 5:00pm","
Every 1st and 3rd Thursday of the month, 2:00pm - 5:00pm","
Mon - Fri: 9.00am - 4.00pm

","499 Jurong West Street 41, #01-812, 640499",640499,1.348638568,103.7250867,Jurong Central,AAC & CHP,103.7250867,1.348638568
PCF Sparkle Care Active Ageing @ Boon Lay,"Mon - Fri: 9.00am - 6.00pm | Closed on Sat, Sun & Public Holiday",,"Mon - Fri: 9.00am - 6.00pm | Closed on Sat, Sun & Public Holiday","631 Jurong West Street 65, #01-260, 640631",640631,1.343297102,103.700241,Boon Lay,AAC,103.700241,1.343297102
Tzu Chi GLOW @ Nanyang,"Mon - Fri: 8.30am - 5.30pm | Closed on Sat, Sun",,"Mon - Fri: 8.30am - 5.30pm | Closed on Sat, Sun","706 Jurong West Street 71, #01-58, 640706",640706,1.341229193,103.6943936,Nanyang,AAC,103.6943936,1.341229193
NTUC Health Active Ageing Centre (Gek Poh),,,,"751 Jurong West Street 73, 640751",640751,1.347609581,103.6992277,Jurong Spring-Gek Poh,AAC,103.6992277,1.347609581
NTUC Health Active Ageing Centre (Nanyang),"AAC Operating Hours:
Mon - Fri: 9.00am - 6.00pm | Sat: For events only | Closed on Sun & Public Holiday

CHP Operating Hours:
Every 2nd and 4th Wednesday of the month,  9:00am - 12:00pm","
Every 2nd and 4th Wednesday of the month,  9:00am - 12:00pm","
Mon - Fri: 9.00am - 6.00pm | Sat: For events only | Closed on Sun & Public Holiday

","817 Jurong West Street 81, #01-30, 640817",640817,1.344705986,103.695721,Nanyang,AAC & CHP,103.695721,1.344705986
Adventist Active Centre @ Golden Peony,"AAC Operating Hours:
Mon - Fri: 8.30am - 6.00pm | Closed on Sat, Sun & Public Holiday

CHP Operating Hours:
Every 1st and 3rd Thursday of the month, 9:00am - 12:00pm","
Every 1st and 3rd Thursday of the month, 9:00am - 12:00pm","
Mon - Fri: 8.30am - 6.00pm | Closed on Sat, Sun & Public Holiday

","530A Jurong West Avenue 1, #01-907, 641530",641530,1.347936198,103.7156911,Jurong Spring-Gek Poh,AAC & CHP,103.7156911,1.347936198
NTUC Health Active Ageing Centre (Pioneer),"AAC Operating Hours:
Mon - Fri: 9.00am - 6.00pm | Sat: For events only | Closed on Sun & Public Holiday

CHP Operating Hours:
Every 1st and 3rd Wednesday of the month,  9:00am - 12:00pm","
Every 1st and 3rd Wednesday of the month,  9:00am - 12:00pm","
Mon - Fri: 9.00am - 6.00pm | Sat: For events only | Closed on Sun & Public Holiday

","662A Jurong West Street 64, #01-328, 641662",641662,1.336885783,103.7027397,Pioneer,AAC & CHP,103.7027397,1.336885783
Tzu Chi SEEN@Nanyang,"AAC Operating Hours:
Mon - Fri: 8.30am - 5.30pm | Sat: 8.30am - 12.30pm | Closed on Sun & Public Holiday

CHP Operating Hours:
Every Wednesday,  2:00pm - 5:00pm","
Every Wednesday,  2:00pm - 5:00pm","
Mon - Fri: 8.30am - 5.30pm | Sat: 8.30am - 12.30pm | Closed on Sun & Public Holiday

","712B Jurong West Street 71, #01-203, 642712",642712,1.342894179,103.6968926,Nanyang,AAC & CHP,103.6968926,1.342894179
Jurong Medical Centre,"Every Tuesday, 9:00am - 12:00pm","Every Tuesday, 9:00am - 12:00pm",,"60 Jurong West Central 3, Jurong Medical Centre Level 2, 648346",648346,1.340518768,103.7045497,Pioneer,CHP,103.7045497,1.340518768
Stroke Support Station Ltd @ Jurong Point,"Mon - Fri: 9.00am - 5.30pm | Closed on Sat, Sun & Public Holiday",,"Mon - Fri: 9.00am - 5.30pm | Closed on Sat, Sun & Public Holiday","1 Jurong West Central 2, #06-01, 648886",648886,1.339452004,103.706685,Pioneer,AAC,103.706685,1.339452004
Gek Poh Ville Community Club,"Every 2nd and 4th Thursday of the month ,  2:00pm - 5:00pm","Every 2nd and 4th Thursday of the month ,  2:00pm - 5:00pm",,"Gek Poh CC 1 Jurong West Street 74, 649149",649149,1.348689824,103.6987263,Jurong Spring-Gek Poh,CHP,103.6987263,1.348689824
Jurong Spring Community Club,"Every Tuesday,  2:00pm - 5:00pm","Every Tuesday,  2:00pm - 5:00pm",,"8 Jurong West Street 52, Level 2, 649296",649296,1.348330172,103.7181557,Jurong Spring-Gek Poh,CHP,103.7181557,1.348330172
Kaki Kampong Seniors Wellness Centre,"Every 2nd Wednesday of the month,  2:00pm - 5:00pm","Every 2nd Wednesday of the month,  2:00pm - 5:00pm",,"500 Corporation Road, #03-01, 649808",649808,1.345422006,103.7165185,Jurong Spring-Gek Poh,CHP,103.7165185,1.345422006
Fei Yue Active Ageing Centre (Bukit Batok),"AAC Operating Hours:
Mon - Fri: 9.30am - 6.00pm

CHP Operating Hours:
Every Tuesday,  2:00pm - 4:30pm","
Every Tuesday,  2:00pm - 4:30pm","
Mon - Fri: 9.30am - 6.00pm

","183 Bukit Batok West Avenue 8, #01-101, 650183",650183,1.346326381,103.7433778,Bukit Batok,AAC & CHP,103.7433778,1.346326381
MINDS Satellite Hub (Bukit Batok),"Every 3rd Friday of the month,  2:00pm - 5:00pm","Every 3rd Friday of the month,  2:00pm - 5:00pm",,"212 Bukit Batok Street 21, #01-225, 650212",650212,1.347192811,103.7522173,Bukit Batok,CHP,103.7522173,1.347192811
THK AAC @ Bukit Batok,"AAC Operating Hours:
Mon - Fri: 8.30am - 5.30pm | Sat: 8.30am - 12.30pm

CHP Operating Hours:
Every 2nd and 4th Monday of the month,  2:00pm - 5:00pm","
Every 2nd and 4th Monday of the month,  2:00pm - 5:00pm","
Mon - Fri: 8.30am - 5.30pm | Sat: 8.30am - 12.30pm

","235 Bukit Batok East Avenue 5, Gombak Gardens, #01-21, 650235",650235,1.348483521,103.7563004,Bukit Batok East,AAC & CHP,103.7563004,1.348483521
Anglican Care Centre (Bukit Batok) ,"Every 2nd and 4th Monday of the month,  9:00am - 12:00pm","Every 2nd and 4th Monday of the month,  9:00am - 12:00pm",,"267 Bukit Batok East Avenue 4, #01-206, 650267",650267,1.348809566,103.7598926,Bukit Batok East,CHP,103.7598926,1.348809566
FRCS Active Ageing Centre,"Mon - Fri: 8.30am - 5.30pm | Closed on Sat, Sun",,"Mon - Fri: 8.30am - 5.30pm | Closed on Sat, Sun","386 Bukit Batok West Avenue 5, #01-348, 650386",650386,1.363939422,103.752556,Bukit Gombak,AAC,103.752556,1.363939422
REACH Senior Centre @ Bukit Batok (BB),"AAC Operating Hours:
Mon - Wed & Fri: 9.00am - 5.30pm | Thu: 1.30pm - 5.30pm

CHP Operating Hours:
Every 1st and 3rd Tuesday of the month,  9:00am - 12:00pm","
Every 1st and 3rd Tuesday of the month,  9:00am - 12:00pm","
Mon - Wed & Fri: 9.00am - 5.30pm | Thu: 1.30pm - 5.30pm

","417 Bukit Batok West Avenue 4, #01-284, 650417",650417,1.362890991,103.7465392,Hong Kah North,AAC & CHP,103.7465392,1.362890991
NTUC Health Active Ageing Centre (Care) (Bukit Batok West),"AAC Operating Hours:
Mon - Fri: 9.00am - 6.00pm | Sat: For events only | Closed on Sun & Public Holiday

CHP Operating Hours:
Every Wednesday,  9:00am - 12:00pm","
Every Wednesday,  9:00am - 12:00pm","
Mon - Fri: 9.00am - 6.00pm | Sat: For events only | Closed on Sun & Public Holiday

","439 Bukit Batok West Avenue 8, #02-01, 650439",650439,1.357357581,103.739983,Hong Kah North,AAC & CHP,103.739983,1.357357581
Fei Yue Active Ageing Centre (Bukit Batok extension),"AAC Operating Hours:
Mon - Fri: 9.30am - 6.00pm

CHP Operating Hours:
Every Tuesday,  10:00am - 11:30am","
Every Tuesday,  10:00am - 11:30am","
Mon - Fri: 9.30am - 6.00pm

","210A Bukit Batok Street 21, #01-294, 651210",651210,1.345428475,103.7508358,Bukit Batok East,AAC & CHP,103.7508358,1.345428475
Tzu Chi SEEN @ Bukit Batok,"AAC Operating Hours:
Mon - Fri: 8.30am - 5.30pm | Sat: 8.30am - 12.30pm | (Closed on Sunday and Public Holidays)

CHP Operating Hours:
Every Monday,  2:00pm - 5:00pm","
Every Monday,  2:00pm - 5:00pm","
Mon - Fri: 8.30am - 5.30pm | Sat: 8.30am - 12.30pm | (Closed on Sunday and Public Holidays)

","230A Bukit Batok Street 21, #02-423, 651230",651230,1.34755154,103.7557831,Bukit Batok,AAC & CHP,103.7557831,1.34755154
REACH Senior Centre @ Bukit Gombak Vista (BGV),"AAC Operating Hours:
Mon - Wed & Fri: 9.00am - 5.30pm | Thu: 1.30pm - 5.30pm

CHP Operating Hours:
Every Thursday,  2:00pm - 5:00pm","
Every Thursday,  2:00pm - 5:00pm","
Mon - Wed & Fri: 9.00am - 5.30pm | Thu: 1.30pm - 5.30pm

","377A Bukit Batok Street 31, #01-24, 651377",651377,1.359219483,103.7498675,Bukit Gombak,AAC & CHP,103.7498675,1.359219483
New Hope CS - JSS-OR (BBW),"Every 1st and 3rd Tuesday of the month,  2:00pm - 4:30pm","Every 1st and 3rd Tuesday of the month,  2:00pm - 4:30pm",,"465A Bukit Batok West Avenue 8, 651465",651465,1.357308757,103.742673,Hong Kah North,CHP,103.742673,1.357308757
"""Good Old Place"" Activity Centre by Vanguard Healthcare Harmony Village @ Bukit Batok","Every 2nd and 4th Tuesday of the month ,  2:00pm - 4:30pm","Every 2nd and 4th Tuesday of the month ,  2:00pm - 4:30pm",,"469A  Bukit Batok West Avenue 9, #03-401, 651469",651469,1.355445832,103.7420785,Hong Kah North,CHP,103.7420785,1.355445832
Active Ageing Centre @ Bukit Batok East,"AAC Operating Hours:
Mon - Fri: 9.30am - 12.30pm, 2.00pm - 5.30pm

CHP Operating Hours:
Every Monday,  9:30am - 12:00pm ","
Every Monday,  9:30am - 12:00pm ","
Mon - Fri: 9.30am - 12.30pm, 2.00pm - 5.30pm

","288D Bukit Batok Street 25, #01-40, 653288",653288,1.345803048,103.7592601,Bukit Batok East,AAC & CHP,103.7592601,1.345803048
Bukit Batok East Community Health Resource Centre @ Nature View,"Every 1st and 3rd Monday of the month,  9:00am - 12:00pm","Every 1st and 3rd Monday of the month,  9:00am - 12:00pm",,"289F Bukit Batok Street 25, #01-134, 655289",655289,1.34463617,103.7590468,Bukit Batok East,CHP,103.7590468,1.34463617
Ren Ci AAC (Care) @ Bukit Batok St. 52,"AAC Operating Hours:
Mon - Fri: 9.00am - 5.30pm | Closed on Sat, Sun & Public Holiday | (Half day on eve of PH)

CHP Operating Hours:
Every Friday,  9:00am - 12:00pm","
Every Friday,  9:00am - 12:00pm","
Mon - Fri: 9.00am - 5.30pm | Closed on Sat, Sun & Public Holiday | (Half day on eve of PH)

","31 Bukit Batok Street 52, 659251",659251,1.354991193,103.7515598,Bukit Gombak,AAC & CHP,103.7515598,1.354991193
Adventist Nursing and Rehabilitation Centre @128 Pending,"AAC Operating Hours:
Mon - Fri: 9.00am - 5:30pm | Closed on Sat, Sun & Public Holiday

CHP Operating Hours:
Every 2nd and 4th Tuesday of the month,  9:00am - 12:00pm","
Every 2nd and 4th Tuesday of the month,  9:00am - 12:00pm","
Mon - Fri: 9.00am - 5:30pm | Closed on Sat, Sun & Public Holiday

","128 Pending Road, #01-328, 670128",670128,1.375995112,103.7697662,Bukit Panjang,AAC & CHP,103.7697662,1.375995112
Cashew Zone 1 RC Centre,"Every 2nd and 4th Thursday of the month,  9:00am - 12:00pm","Every 2nd and 4th Thursday of the month,  9:00am - 12:00pm",,"140 Petir Road, #01-320, 670140",670140,1.375502991,103.7689524,Cashew,CHP,103.7689524,1.375502991
Adventist Nursing & Rehabilitation Centre @ 225 Pending,"Every 1st and 3rd Tuesday of the month,  9:00am - 12:00pm","Every 1st and 3rd Tuesday of the month,  9:00am - 12:00pm",,"225 Pending Road, #01-165, 670225",670225,1.375540494,103.7725452,Bukit Panjang,CHP,103.7725452,1.375540494
Fei Yue Active Ageing Centre (Fajar),"AAC Operating Hours:
Mon - Fri: 9.30am - 6.00pm

CHP Operating Hours:
Every 1st and 3rd Monday of the month,  2:00pm - 5:00pm","
Every 1st and 3rd Monday of the month,  2:00pm - 5:00pm","
Mon - Fri: 9.30am - 6.00pm

","406 Fajar Road, #01-295, 670406",670406,1.381850258,103.7675731,Bukit Panjang,AAC & CHP,103.7675731,1.381850258
Precious Active Ageing Centre (Fajar Spring),"AAC Operating Hours:
Mon - Fri: 8.30am - 6.00pm

CHP Operating Hours:
Every Thursday,  2:00pm - 5:00pm","
Every Thursday,  2:00pm - 5:00pm","
Mon - Fri: 8.30am - 6.00pm

","454 Fajar Road, #01-582, 670454",670454,1.384502431,103.7715374,Bukit Panjang,AAC & CHP,103.7715374,1.384502431
New Life Community Services Active Ageing Centre (Care) @Jelapang,"AAC Operating Hours:
Mon - Fri: 9.00am - 5.00pm

CHP Operating Hours:
Every 2nd and 4th Monday of the month,  2:00pm - 5:00pm","
Every 2nd and 4th Monday of the month,  2:00pm - 5:00pm","
Mon - Fri: 9.00am - 5.00pm

","525 Jelapang Road, #01-123, 670525",670525,1.386592759,103.7654066,Zhenghua,AAC & CHP,103.7654066,1.386592759
Cashew Zone 3 Residents' Committee,"Every Wednesday,  2:00pm - 5:00pm","Every Wednesday,  2:00pm - 5:00pm",,"607 Senja Road, #01-02, 670607",670607,1.382519651,103.7615163,Cashew,CHP,103.7615163,1.382519651
Fei Yue Active Ageing Centre (Senja),"AAC Operating Hours:
Mon - Fri: 9.30am - 6.00pm

CHP Operating Hours:
Every Tuesday,  2:00pm - 5:00pm","
Every Tuesday,  2:00pm - 5:00pm","
Mon - Fri: 9.30am - 6.00pm

","634B Senja Road, #02-227, 672634",672634,1.386119886,103.7583286,Zhenghua,AAC & CHP,103.7583286,1.386119886
Vanguard Active Ageing Centre (Care) @ Senja,"AAC Operating Hours:
Mon - Fri: 8.30am - 6.00pm

CHP Operating Hours:
Every 2nd and 4th Wednesday of the month,  9:00am - 12:00pm","
Every 2nd and 4th Wednesday of the month,  9:00am - 12:00pm","
Mon - Fri: 8.30am - 6.00pm

","50 Woodlands Road, Senja Care Home, #03-01, 677726",677726,1.382712541,103.7601664,Cashew,AAC & CHP,103.7601664,1.382712541
NTUC Health Active Ageing Centre (Bukit Panjang),"AAC Operating Hours:
Mon - Fri: 9.00am - 6.00pm | Sat: Events only | Closed on Sunday & PH

CHP Operating Hours:
Every 1st and 3rd Wednesday of the month,  9:00am - 12:00pm","
Every 1st and 3rd Wednesday of the month,  9:00am - 12:00pm","
Mon - Fri: 9.00am - 6.00pm | Sat: Events only | Closed on Sunday & PH

","2 Bukit Panjang Ring Road, #02-06, 679947",679947,1.377600591,103.7724897,Bukit Panjang,AAC & CHP,103.7724897,1.377600591
Fei Yue Active Ageing Centre (Teck Whye),"AAC Operating Hours:
Mon - Fri: 9.30am - 6.00pm

CHP Operating Hours:
Every 1st and 4th Tuesday of the month,  2:00pm - 5:00pm","
Every 1st and 4th Tuesday of the month,  2:00pm - 5:00pm","
Mon - Fri: 9.30am - 6.00pm

","9 Teck Whye Lane, #01-268, 680009",680009,1.380035012,103.7541455,Chua Chu Kang,AAC & CHP,103.7541455,1.380035012
REACH-SLEC Active Ageing Centre (Care) @ Teck Whye Vista,"AAC Operating Hours:
Mon - Wed & Fri: 9.00am - 5.30pm | Thu: 1.30pm - 5.30pm

CHP Operating Hours:
Every 1st and 3rd Friday of the month,  9:00am - 12:00pm","
Every 1st and 3rd Friday of the month,  9:00am - 12:00pm","
Mon - Wed & Fri: 9.00am - 5.30pm | Thu: 1.30pm - 5.30pm

","153 Jalan Teck Whye, #03-151, 680153",680153,1.379151239,103.7585549,Chua Chu Kang,AAC & CHP,103.7585549,1.379151239
Fei Yue Active Ageing Centre (Chua Chu Kang),,,,"206 Choa Chu Kang Central, 680206",680206,1.380667067,103.7483399,Chua Chu Kang,AAC,103.7483399,1.380667067
Fei Yue Active Ageing Centre (Limbang),"AAC Operating Hours:
Mon - Fri: 9.30am - 6.00pm

CHP Operating Hours:
Every 2nd and 4th Monday of the month,  2:00pm - 5:00pm","
Every 2nd and 4th Monday of the month,  2:00pm - 5:00pm","
Mon - Fri: 9.30am - 6.00pm

","536 Choa Chu Kang Street 51, #01-142, 680536",680536,1.391818474,103.7440503,Limbang,AAC & CHP,103.7440503,1.391818474
Fei Yue Active Ageing Centre (Limbang Green),"AAC Operating Hours:
Mon - Fri: 9.30am - 6.00pm

CHP Operating Hours:
Every 1st and 3rd Monday of the month,  2:00pm - 5:00pm","
Every 1st and 3rd Monday of the month,  2:00pm - 5:00pm","
Mon - Fri: 9.30am - 6.00pm

","574 Choa Chu Kang Street 52, #01-296, 680574",680574,1.394414902,103.7451427,Limbang,AAC & CHP,103.7451427,1.394414902
PCF Sparkle Care Active Ageing Centre (Care) @ Yew Tee,"AAC Operating Hours:
Mon - Fri: 9.00am - 6.00pm | Sat: 9.00am - 1.00pm | Closed on Sun & Public Holiday

CHP Operating Hours:
Every 1st and 3rd Tuesday of the month,  2:30pm - 5:00pm","
Every 1st and 3rd Tuesday of the month,  2:30pm - 5:00pm","
Mon - Fri: 9.00am - 6.00pm | Sat: 9.00am - 1.00pm | Closed on Sun & Public Holiday

","625 Choa Chu Kang Street 62, #01-206, 680625",680625,1.398630652,103.7460341,Yew Tee,AAC & CHP,103.7460341,1.398630652
Fei Yue Active Ageing Centre (Teck Whye extension),"AAC Operating Hours:
Mon - Fri: 9.30am - 6.00pm

CHP Operating Hours:
Every 1st and 4th Thursday of the month,  2:00pm - 5:00pm","
Every 1st and 4th Thursday of the month,  2:00pm - 5:00pm","
Mon - Fri: 9.30am - 6.00pm

","165A Teck Whye Crescent, #01-331, 681165",681165,1.382737046,103.7535171,Chua Chu Kang,AAC & CHP,103.7535171,1.382737046
Yew Tee Zone 8 Residents' Committee,"Every Monday,  9:00am - 12:00pm","Every Monday,  9:00am - 12:00pm",,"673A Choa Chu Kang Crescent #01-413, 681673",681673,1.401014168,103.7475242,Yew Tee,CHP,103.7475242,1.401014168
Fei Yue Active Ageing Centre (Brickland),"AAC Operating Hours:
Mon - Fri: 9.30am - 6.00pm

CHP Operating Hours:
Every 1st and 3rd Wednesday of the month,  9:00am - 12:00pm","
Every 1st and 3rd Wednesday of the month,  9:00am - 12:00pm","
Mon - Fri: 9.30am - 6.00pm

","809A Choa Chu Kang Avenue 1, #01-628, 681809",681809,1.375209773,103.7450182,Brickland-Tengah,AAC & CHP,103.7450182,1.375209773
Precious Active Ageing Centre (Sunshine Gardens),"AAC Operating Hours:
Mon - Fri: 8.30am - 6.00pm

CHP Operating Hours:
Every 1st and 2nd Wednesday of the month,  9:00am - 12:00pm","
Every 1st and 2nd Wednesday of the month,  9:00am - 12:00pm","
Mon - Fri: 8.30am - 6.00pm

","488B Choa Chu Kang Avenue 5, #01-145, 682488",682488,1.376973982,103.7392932,Keat Hong,AAC & CHP,103.7392932,1.376973982
Fei Yue Active Ageing Centre (Sunshine Court),"AAC Operating Hours:
Mon - Fri: 9.30am - 6.00pm

CHP Operating Hours:
Every 2nd and 4th Thursday of the month,  9:30am - 12:30pm ","
Every 2nd and 4th Thursday of the month,  9:30am - 12:30pm ","
Mon - Fri: 9.30am - 6.00pm

","476C Choa Chu Kang Avenue 5, #01-43, 683476",683476,1.377346842,103.7379129,Keat Hong,AAC & CHP,103.7379129,1.377346842
Choa Chu Kang Community Club,"Every 2nd & 3rd Tuesday of the month,  2:00pm - 5:00pm","Every 2nd & 3rd Tuesday of the month,  2:00pm - 5:00pm",,"35 Teck Whye Avenue, #03-01, 688892",688892,1.381155291,103.7519039,Chua Chu Kang,CHP,103.7519039,1.381155291
SerivceSG @ Keat Hong Community Club,"Every Tuesday,  10:00am -12:30pm","Every Tuesday,  10:00am -12:30pm",,"2 Choa Chu Kang Loop, Keat Hong CC, #01-01, 689687",689687,1.384095872,103.7449494,Keat Hong,CHP,103.7449494,1.384095872
