POSTAL,LATITUDE,LONGITUDE
804248,1.37972955783572,103.858783028692
549936,1.39775020428346,103.891230426312
804943,1.37900738794393,103.85917259504
804804,1.3792220399206,103.859935065733
804813,1.37923647026046,103.85998647368
804603,1.37929517016374,103.860195592544
804592,1.37897452212879,103.860452129044
806145,1.37860180368486,103.861303262861
806009,1.37868978810355,103.861614471134
806002,1.37873122195192,103.861773309636
806142,1.37855780489066,103.861147632895
804958,1.37896549204435,103.862603782528
806000,1.37880725825913,103.862030097841
806006,1.37864580301612,103.861458893921
805961,1.37890993701332,103.862393303232
804956,1.37893923527345,103.862496937806
805963,1.37888056484396,103.86228940647
806003,1.37875938949637,103.861873055138
806007,1.37866049664725,103.86151086541
806010,1.37870449486981,103.861666490222
806335,1.37852841788488,103.861043686933
804957,1.37895392504933,103.862548899788
806144,1.37858710375356,103.86125126744
806336,1.37851381840356,103.860992046995
804416,1.37975031653461,103.85961786324
804263,1.37952962041074,103.860240704721
804939,1.37912432118907,103.859588489586
804467,1.37970563370165,103.859475320364
804252,1.37976333888757,103.858888006891
804799,1.37887157016115,103.860089133959
804590,1.3789591868442,103.860400208135
804596,1.37893025966278,103.860297505391
804940,1.37896356474855,103.859016725742
804273,1.37945672063705,103.85998188021
804584,1.37911880011581,103.858801672154
804946,1.37910997459846,103.859537461328
804601,1.37928054411743,103.860143488595
804234,1.37985143528191,103.85920132281
804482,1.37967662491353,103.859372139729
804262,1.37994210164782,103.860251474062
804216,1.38002635047216,103.859824514965
804488,1.37964740179632,103.859268205164
804210,1.38005578843802,103.859929030776
804419,1.37935560678091,103.859637518996
804587,1.37954463636149,103.858902698288
804802,1.3792076197073,103.859883693688
804525,1.37919701343929,103.859061236167
804274,1.37979166975361,103.859777700219
804214,1.38001157469017,103.859772054434
804417,1.37934334608887,103.859581665556
804941,1.3789779863504,103.859068019991
804278,1.37982082906901,103.859881581487
804954,1.37903671343812,103.859276893486
804484,1.37966203908538,103.859320264784
804415,1.3793286817069,103.859529514012
804418,1.37976263716688,103.859674269626
804803,1.37882355784353,103.859931145611
804597,1.37932386851389,103.860297835381
804198,1.38011558937931,103.860203299332
804811,1.37925119895594,103.860038946978
804217,1.38043449883984,103.859880024949
806777,1.37890734425993,103.858803095626
804272,1.37985017396314,103.859986123127
804602,1.37890082171203,103.860192989625
248042,1.30250096960999,103.813976677975
575557,1.34677294656636,103.83627950477
799306,1.40435171238615,103.859218264559
719830,1.42294242683127,103.722086795982
142945,1.33553516929138,103.952775835916
488478,1.33555619698247,103.952823706114
488479,1.33556689846406,103.952864566481
488904,1.34343330444767,103.960253021787
805998,1.37883654777628,103.862133704121
805997,1.3788512400237,103.862185676163
805999,1.37882185415908,103.862081728273
806338,1.3784832417648,103.86088667476
806276,1.37854311453614,103.861095671201
806337,1.37849910395808,103.860940000989
806005,1.37879255204845,103.861978079021
069846,1.27572262809462,103.847266612595
069835,1.27572262809462,103.847266612595
419625,1.32443859262476,103.916668915794
418001,1.32541868012376,103.916601839251
468468,1.32287451289771,103.94620243505
468466,1.32298417938394,103.946155085899
468467,1.32292824757102,103.9461745651
359970,1.34737483884906,103.861623314397
359591,1.34748453909789,103.862554197453
359590,1.34738903819289,103.862568029316
806004,1.37877785350079,103.861926084952
806143,1.37857240081015,103.861199260596
806141,1.37863117973024,103.861407170479
806146,1.37861647679033,103.861355163633
806008,1.37867519137207,103.861562840979
804955,1.37892463938267,103.862445310089
805962,1.3788952371063,103.862341307798
806001,1.3787191939707,103.861718483744
804241,1.38022965623618,103.859152411514
804233,1.38024424343639,103.859204285927
804247,1.38020042243456,103.85904845109
804205,1.38051180568898,103.860093269793
804231,1.38032000821894,103.859459663183
804219,1.38037579562621,103.85967090708
804481,1.37928510981239,103.859374551472
804489,1.37925581689572,103.859270371326
804468,1.37929974792048,103.859426611085
804239,1.38021501730132,103.859100352427
804227,1.38036136418512,103.859619499654
804223,1.38033232940215,103.859516069038
804595,1.37930937878323,103.860246216917
804487,1.37924106820041,103.859217919247
804947,1.37909538904741,103.859485586395
804518,1.37961811051774,103.859164024459
804948,1.3790807517617,103.859433526787
804469,1.37969097150741,103.859423167997
806778,1.3789192800469,103.858859222117
804800,1.37918068671134,103.85977522879
804277,1.37941300314954,103.859826665255
804215,1.3804198722397,103.859827921249
804237,1.38027325743221,103.859307465225
804585,1.37953021503005,103.858851404028
804588,1.37915356167779,103.858906702558
804942,1.37899265977553,103.859120209874
804271,1.37944194458453,103.859929419962
804600,1.37888604593763,103.860140529117
804265,1.37947141703535,103.860034058685
804944,1.37902198773552,103.859224521374
804413,1.37937945647287,103.859720036413
804204,1.38008471563435,103.860031733564
804798,1.37926584881834,103.860091138232
804253,1.3801294617146,103.858784044709
804250,1.3797486638153,103.858835817537
804938,1.37913898365369,103.859640641669
804949,1.37906615991273,103.859381624928
804520,1.37960336346267,103.859111571829
804591,1.37937247151227,103.8604088392
804599,1.37933655186167,103.860351124328
806780,1.37894896604723,103.85896480485
804225,1.3803469428706,103.859568127586
804589,1.37951885243491,103.858795720041
804486,1.37963280994404,103.859216303294
804245,1.38018572163616,103.858996172787
804235,1.3802585924972,103.859255313935
804261,1.37951508551288,103.860189099035
804246,1.37979266849942,103.85899231815
804604,1.37891551837969,103.860245167817
804236,1.37986607339353,103.859253382161
804229,1.38029190816788,103.859361544628
804814,1.37884244533889,103.859985728695
804593,1.37897426102912,103.860520067231
804801,1.37919300734018,103.859831634891
804598,1.37894493114566,103.860349596823
804953,1.37905146021609,103.859329345833
804232,1.37990967184616,103.859408436666
804264,1.37986480028637,103.860038227088
804244,1.37977806815566,103.858940391801
804522,1.37957403823548,103.85900727336
804209,1.38044871020287,103.859930648801
804220,1.37998263297516,103.859669299703
806779,1.37893412291079,103.858912013347
804812,1.37885710451125,103.860037774431
804213,1.38040517666046,103.859775571134
804211,1.38046320076102,103.859982266744
804221,1.38039052569674,103.859723380129
804203,1.38047588411531,103.860035555714
804249,1.3801416433215,103.858839423285
804243,1.38017097211403,103.858943720961
804251,1.38015624530968,103.85889134937
804224,1.37992193226827,103.859464290119
804238,1.37980739393305,103.859044690278
804240,1.37982214235819,103.859097142096
804242,1.37983684123838,103.859149421208
804228,1.37988065922303,103.85930525711
804230,1.37989500718693,103.859356284839
804218,1.37996797406897,103.859617253946
804226,1.37994908656575,103.859562670838
804222,1.37999709890623,103.859720659253
804208,1.38004104714735,103.85987669318
804212,1.38007045992846,103.859981122231
804207,1.38011620166876,103.860135443526
804206,1.38009925026159,103.860083339262
804414,1.37977724953721,103.859726328163
804276,1.37980610009662,103.85982910845
804270,1.3798354789346,103.859933772752
804266,1.37987900890896,103.860088851744
804260,1.37990618172003,103.860193758907
804268,1.379893498369,103.860140469948
804255,1.3795459595211,103.860360664492
804485,1.37922634277033,103.859165547403
804466,1.37931433347274,103.859478486022
804483,1.37927051577239,103.859322650154
804521,1.3791679156726,103.858957753115
804523,1.37918233809683,103.859009046552
804465,1.37972428361259,103.859529400299
804275,1.37939834397279,103.859774619509
804269,1.37942746907747,103.859878024794
804267,1.37948615859657,103.860086395998
804259,1.37950082981009,103.860138487713
804519,1.37921174270383,103.859113620793
804254,1.37954657181474,103.860292808975
804586,1.37913920686064,103.858855652001
804524,1.37958863803042,103.859059199977
804583,1.3795593100637,103.858954888182
522169,1.34108687225081,103.960040323594
521170,1.3404634899162,103.960300758915
241112,1.29292792023667,103.817179588292
241111,1.29370691110386,103.816326985176
499853,1.3138596110704,104.00769057528
719878,1.42435250837522,103.723373145671
639957,1.35368874857238,103.686606816138
639561,1.34489812545012,103.638465792323
819989,1.3530236112212,103.987595915701
699931,1.35989976464193,103.731417253566
679268,1.36866598874386,103.774481452739
679269,1.36866599177023,103.774604143489
679270,1.36866599520924,103.774743874802
679273,1.36805544515469,103.774723441162
679274,1.36805544171602,103.774583709884
679275,1.36760953471452,103.774583720729
679276,1.36761639850212,103.774737084205
679277,1.36755466136772,103.774904081187
537107,1.34813849904614,103.88323880424
219907,1.31315416408335,103.848215870566
219908,1.31324129713639,103.848303346261
349994,1.33692717938356,103.875090268295
799876,1.39236222072736,103.871699866641
805964,1.37886586192368,103.862237399614
804937,1.37915763356113,103.859694721865
806588,1.3781375361973,103.859704674906
806597,1.3784186910255,103.859403621623
806585,1.37847817548146,103.859614457421
806497,1.37855132410626,103.859874625128
806591,1.37844873366977,103.85950974504
806593,1.37838921854755,103.859298797191
806503,1.37852199863803,103.859770326696
806457,1.37859709245983,103.860048619188
806502,1.37822528349272,103.86001676346
806500,1.37821055780611,103.859964391362
806663,1.37809265043879,103.859545760012
806458,1.378329589005,103.860362592166
806651,1.3780631779668,103.859440935593
806454,1.37837364258594,103.860519275755
129853,1.32254199558927,103.753722511823
129624,1.32266425545534,103.753872307473
129625,1.32276138463463,103.753476073315
129626,1.3226391247454,103.753326277681
129627,1.32251285476178,103.753171061755
619657,1.33122673088576,103.723026795095
619835,1.32114360401159,103.7291442685
806652,1.37834521716635,103.859142295849
806660,1.37835989059019,103.859194485718
806491,1.37858224962126,103.859995827958
806461,1.37862653424737,103.860153331581
806590,1.37815213488272,103.859756595784
806584,1.37819595803044,103.859912465041
806495,1.37853659841668,103.859822253023
806656,1.37831619686577,103.859039080734
806453,1.37864095582464,103.860204625829
806490,1.37831491560704,103.860310402291
806452,1.37835891691062,103.860466903651
806587,1.37846357679306,103.859562536535
806659,1.3780047549969,103.859233140041
806653,1.37804857817949,103.859389009279
806459,1.37861193557097,103.860101410689
806596,1.37812269307702,103.859651883417
806499,1.37849259707055,103.859665751662
806501,1.37850727048268,103.859717941538
806595,1.37840394424881,103.859351169289
806586,1.37818122987807,103.859860079889
367858,1.33920313062044,103.875209943697
639060,1.28655295916967,103.628239931209
309829,1.32515597534842,103.839022023361
399481,1.30282741341973,103.877379378835
612134,1.32709713106073,103.728479494873
611136,1.32685900177839,103.72688479493
512592,1.37554909163641,103.949440198687
512594,1.37571951911138,103.952205360378
141187,1.29333044071733,103.801842672075
140190,1.29413953888947,103.802034176316
806494,1.37825620941233,103.860101604447
806498,1.37828589535766,103.860207187164
806492,1.37830049403192,103.860259108049
806493,1.37856607087117,103.859927077467
806460,1.37834431714609,103.860414977324
806496,1.37827105224871,103.860154395669
806592,1.37816655646891,103.85980789002
806661,1.37807790366511,103.859493307685
806455,1.37865562922475,103.860256815711
806456,1.37838838933659,103.860571728095
806451,1.37867035736803,103.860309200875
806449,1.3786849571347,103.860361127209
806450,1.37840358910367,103.860625060295
806448,1.37841843192825,103.860677851524
806340,1.37869968281222,103.86041349932
806341,1.37843327502535,103.860730643026
806342,1.37871442956502,103.860465951665
806343,1.37872962933432,103.860519283873
806344,1.37874447216106,103.860572075108
806339,1.37875931526037,103.860624866616
537197,1.36697658244979,103.892719402463
619794,1.32584264879262,103.713262562916
289359,1.33187850227672,103.807635780201
456340,1.31235456058862,103.928450915823
738950,1.43530999000005,103.772047104776
508858,1.37688643037287,103.957309736087
508829,1.37612396417596,103.957126484446
508857,1.37688140443087,103.957099275806
508826,1.37637543146253,103.957117218296
508831,1.37662802951639,103.957108334064
508828,1.37612982472101,103.957337135905
508859,1.37663279102964,103.957318884334
536013,1.35116277192592,103.898652410474
699929,1.35732891143881,103.733467748962
699930,1.35443671249018,103.735915712971
589682,1.33955024942863,103.777099720073
433024,1.30062162135616,103.880859275754
370136,1.32650957507866,103.883052663116
371136,1.32625125043468,103.88348222923
371135,1.3272018308678,103.880966947637
508835,1.37636567446197,103.956825109921
508856,1.37687244109605,103.95681025655
508806,1.37610845711924,103.956614203743
508833,1.37661485259786,103.956598933361
670489,1.38194968634665,103.773496606598
416577,1.32766023376193,103.916601623987
798368,1.40931006031432,103.872956345539
359564,1.34806665665648,103.864864201964
730194,1.43541449197441,103.773057763485
308076,1.32030365621302,103.851174739453
731194,1.43501798422042,103.772958780842
508830,1.37611394638989,103.956832784466
511593,1.37538248923577,103.950988231721
519660,1.36596007766651,103.964884875608
638626,1.26109098006187,103.623066692881
513593,1.37591376174844,103.951123776025
511594,1.37542761569179,103.95179003509
561733,1.3752785224134,103.845771330523
560733,1.37546797775142,103.845991716704
560734,1.37546770688654,103.845334776514
561734,1.37568331719343,103.845759740296
140186,1.29166535542444,103.801236930997
370135,1.32713410510961,103.881633808549
190020,1.30563432294019,103.864739448575
510594,1.37535196931972,103.952122333332
438956,1.31028659692361,103.892677018648
529485,1.3635489624859,103.934129788577
141186,1.29206919022228,103.801396859311
611135,1.32708655370641,103.727908584787
169557,1.29057222318949,103.833663072327
278407,1.31822987543744,103.786760320326
149926,1.29617826940302,103.808766507183
149927,1.29575849316746,103.808695216483
508834,1.37636040774502,103.956606374702
508832,1.3766191992958,103.956817740086
508827,1.37638115760527,103.95732784366
671490,1.38244484000089,103.773368010842
019964,1.26797299807086,103.859122035309
639064,1.28543533094931,103.624605189813
670491,1.3831466872918,103.774139302434
670490,1.38256871792332,103.773841247418
242111,1.29313079573355,103.816174023979
508881,1.38884572355937,103.997852990248
569942,1.36929944845386,103.850774632986
806776,1.37880236092294,103.859846840243
806804,1.37862550857943,103.85921855991
806774,1.37797531316774,103.859128427685
806658,1.37830135373066,103.858986289245
806655,1.3780338500154,103.859336624133
806654,1.37833079556577,103.859091001613
806775,1.37796047030819,103.859075636475
456341,1.31397385040191,103.930134228373
359575,1.34817585944666,103.864773637043
619834,1.32198602299754,103.730623059032
259035,1.31899080448526,103.827575722615
520170,1.34038768799915,103.960620198556
522170,1.34093766551234,103.960317686332
520169,1.341616865871,103.959205220451
521169,1.34084694038326,103.959684265762
562733,1.37539266524954,103.846367383173
240111,1.29343629413741,103.81622390245
418000,1.33347851792612,103.909972559027
739342,1.44065359314818,103.770136836671
278529,1.33009079564825,103.791924874155
512593,1.37591377858228,103.950784460707
510593,1.37545424274403,103.950466878593
188068,1.30090252607461,103.855262679246
730221,1.44454715542128,103.775939810348
259131,1.31181048077139,103.823534083764
731221,1.44421869952438,103.775654970045
508855,1.37686790443313,103.956591377718
228683,1.30465722284432,103.849480361389
699915,1.35442592930738,103.732790920197
806773,1.37799015629984,103.859181219168
806662,1.37837461875728,103.85924687087
806594,1.37810785022929,103.8595990922
806589,1.37843389081903,103.859456953817
806657,1.37801917659452,103.85928443427
806772,1.37828651086812,103.858933498029
460914,1.31542551757733,103.945447380085
699865,1.35796407649039,103.717883311498
548919,1.35971843654824,103.875808082715
548918,1.35968033487656,103.875853564644
788981,1.39601248653792,103.817563198325
788982,1.39601248653792,103.817563198325
730224,1.44455478033436,103.774654633986
730220,1.44512138766887,103.775169732351
612135,1.32653390087073,103.727561450681
511591,1.37644855305153,103.949402261353
670027,1.38126843472856,103.759167960002
670033,1.38555907921528,103.756521386788
249628,1.30199604255669,103.824015107233
426845,1.31736250299996,103.910153038027
387942,1.31519401039447,103.888724979998
548917,1.35963047895657,103.87589273675
738951,1.43083316720505,103.794704217699
489719,1.34252012769331,103.967479036134
299061,1.3291961824587,103.816887678573
338781,1.314919735322,103.859368414815
239595,1.29173909592834,103.841194495006
639061,1.28831344686817,103.628522939619
338779,1.31484790720171,103.859425468029
338780,1.31488735518082,103.859394401775
611066,1.33178150391025,103.723126159943
641427,1.35105663344621,103.725574691858
048458,1.28303335965486,103.848666383796
188546,1.30089736824545,103.854869709434
188544,1.30089736824545,103.854869709434
188545,1.30089736824545,103.854869709434
129849,1.32250577329919,103.754273623469
129850,1.3223835134567,103.754123827807
129851,1.32225724352152,103.753968611854
808502,1.38171568085659,103.875945582696
239592,1.29192554149368,103.841540921931
239593,1.29192554149368,103.841540921931
239591,1.29192554149368,103.841540921931
239594,1.29192554149368,103.841540921931
139815,1.29444235984052,103.79512874632
139817,1.29444235984052,103.79512874632
672491,1.38277127481885,103.774045062077
671489,1.38184019106307,103.774157807153
671491,1.38284651167853,103.773657027595
672490,1.38225605196728,103.774101292117
673491,1.38340761352999,103.774123999512
240112,1.29304343218374,103.81674358779
359891,1.34593590172285,103.86547798782
359974,1.34611740035532,103.865534649415
609890,1.33067522480302,103.740968402065
619589,1.3188805385683,103.728042339644
191020,1.30519457504196,103.864786099367
731220,1.44474892258905,103.775447387109
129634,1.31703355684198,103.763506485103
139816,1.29444235984052,103.79512874632
489465,1.34013057943564,103.954579352551
699853,1.36454585288215,103.711710268206
699859,1.36350947492623,103.7129205962
438584,1.29787324578686,103.893052280555
601338,1.35048950673869,103.730974523701
469681,1.33079121690701,103.947200781356
731223,1.44340358002825,103.775723737336
730223,1.44375833929638,103.775917430872
559592,1.36265747015012,103.869703996872
559593,1.36261678972016,103.869661630751
119317,1.29132682464133,103.788260858007
730219,1.44530112419792,103.774606624503
719969,1.42920778250016,103.720733361025
731219,1.44482959522918,103.774614130146
732223,1.44370858698867,103.775486053342
731224,1.44427310009469,103.775049640658
218210,1.31522075766025,103.858397109361
456285,1.31647671504911,103.929276321192
359315,1.3465306495377,103.863522411242
278138,1.3137222529361,103.785088078836
279577,1.31359615104262,103.785115933448
611134,1.32684262698942,103.729027928457
511592,1.37568294930619,103.949039878381
512591,1.37650971575074,103.949648644396
438661,1.29823835644396,103.89290073566
719867,1.44144159817421,103.730727061513
438955,1.3102182854435,103.892669138816
559504,1.36236023087099,103.869411356887
559591,1.36232461964173,103.869372407714
426739,1.31521021329006,103.902842637265
536012,1.362556148341,103.898195425088
806813,1.37852280088842,103.858853260715
806811,1.3785815071933,103.859062058554
806812,1.37859618061879,103.859114248428
806809,1.37855248688945,103.85895884343
806800,1.37871446552334,103.859534220168
806783,1.37875828868486,103.859690089458
806808,1.37853764375266,103.858906051936
806810,1.3785670855911,103.859010764314
806806,1.3786549810607,103.859323384351
806807,1.37867018085593,103.859376716551
806801,1.37869986683331,103.859482299278
806803,1.37861090878754,103.859166633585
806781,1.37872888711405,103.859585514414
129852,1.32241572562963,103.753567295882
169564,1.29157008048749,103.833142480825
219833,1.31570075546604,103.847354541269
529412,1.36684842281087,103.937776357215
806785,1.37878761415637,103.859794387899
806805,1.37864023428239,103.859270932013
806802,1.37868502370836,103.859429507778
806784,1.37877288846515,103.85974201579
806782,1.37874356052785,103.859637704295
509970,1.38712234075316,103.986879891682
619662,1.32624862671464,103.721466445308
169556,1.29057222318949,103.833663072327
638749,1.26950616039647,103.640412271321
510591,1.37606820940475,103.949576838157
460911,1.31375126968076,103.946446622606
461912,1.31319171257396,103.946274938838
461916,1.31482300480407,103.945230110517
739312,1.43092682518551,103.77474488937
140187,1.29301990039928,103.801810807466
142186,1.29272711304594,103.801627215937
140185,1.29200741192021,103.800962553555
140189,1.29381487720351,103.801889533735
610133,1.32747623308089,103.728564512384
610135,1.32682384134343,103.728021393275
610136,1.32703832995407,103.727132087974
456592,1.31258699441241,103.929804792479
460912,1.313392078507,103.946555481344
309297,1.3189417872467,103.837371433601
309314,1.31886099249219,103.837542202362
808854,1.38533178698621,103.868179489844
808855,1.38539267734881,103.868187504649
529411,1.36684842281087,103.937776357215
529414,1.36684842281087,103.937776357215
529413,1.36684842281087,103.937776357215
762965,1.42066241274882,103.826516999299
761964,1.42123219927695,103.826194232445
761962,1.42032575346907,103.825794763621
762964,1.42112704205061,103.826625719597
761965,1.42010087410372,103.826494005708
763965,1.42056422590844,103.827090915041
762962,1.4206955728468,103.82610762483
529391,1.36684842281087,103.937776357215
529388,1.36684842281087,103.937776357215
529390,1.36684842281087,103.937776357215
461914,1.31501908512726,103.94482207556
190021,1.30501456390922,103.864674954432
659839,1.35346842107271,103.741220066149
169555,1.29057222318949,103.833663072327
089808,1.2781168258963,103.838592330193
427107,1.30522816155631,103.907523575918
169558,1.29057222318949,103.833663072327
309313,1.31889798544223,103.837464014124
259384,1.31958470328528,103.811756490577
259407,1.31964196384061,103.811694586999
188332,1.30408261868314,103.8500313763
459917,1.31849276280526,103.927875304277
629546,1.30465837332905,103.666310039254
411117,1.32268355501331,103.913022311205
412117,1.32233228825057,103.913094031136
270068,1.31084413667355,103.793148897517
271068,1.31027378807376,103.793193787236
270067,1.31049760838052,103.793732082564
449972,1.3045710281472,103.908025722796
460915,1.31491722522744,103.945972378629
120437,1.31664918422922,103.762051682614
438585,1.28899993874357,103.869656314982
509906,1.35709630624257,103.965501900375
509912,1.35709630624257,103.965501900375
509919,1.35709630624257,103.965501900375
427030,1.31222193982018,103.904564129604
279035,1.31216454554039,103.792689741396
279036,1.31216454554039,103.792689741396
279037,1.31216454554039,103.792689741396
759827,1.44992123026952,103.829397162646
759828,1.44992123026952,103.829397162646
759829,1.44992123026952,103.829397162646
456255,1.31266812038344,103.930012957304
546389,1.3926249163137,103.885960142747
456254,1.31259537091441,103.930015808861
019921,1.27580060851268,103.862936192351
019916,1.27580060851268,103.862936192351
019917,1.27580060851268,103.862936192351
690096,1.34793735286897,103.736758778262
690097,1.34793735286897,103.736758778262
690098,1.34793735286897,103.736758778262
690099,1.34793735286897,103.736758778262
690090,1.34793735286897,103.736758778262
690091,1.34793735286897,103.736758778262
690092,1.34793735286897,103.736758778262
509904,1.35709630624257,103.965501900375
462915,1.31450986650245,103.946032257691
462916,1.31439316936174,103.945259803832
460916,1.31451801318179,103.944920954773
760968,1.41737004036313,103.827919722641
122437,1.31662373060985,103.762393868662
761967,1.41904444531015,103.827565007353
760967,1.41925311733324,103.828182030744
762968,1.41766486194769,103.827559452492
761968,1.4181146671519,103.827641784944
649920,1.37500619961016,103.697026181968
299165,1.32978660619863,103.820134272782
546388,1.36254760582586,103.874791354897
758941,1.43801405262269,103.825129921829
122438,1.31725205617556,103.762959005306
419383,1.32620464463369,103.915582646734
463911,1.31385449810468,103.94558812482
461911,1.31403525029124,103.946189815615
460913,1.31275165877252,103.946555613266
463912,1.31335221035622,103.945532644247
462911,1.31355090428618,103.946166080337
461915,1.31516443264412,103.945955700115
462912,1.31299426968515,103.945634034803
559890,1.36526446637777,103.861920424021
559991,1.36521406405494,103.861866274939
559992,1.36516989243392,103.861812394103
559993,1.3651275476972,103.861759116811
509905,1.35709630624257,103.965501900375
239637,1.29477065384575,103.833209033497
669779,1.36042138620852,103.761973074964
649657,1.33809844792781,103.704624110866
099634,1.25867969035326,103.819809245616
039969,1.29889797716708,103.862538779845
829949,1.41953375902479,103.908978445994
760965,1.42035426748298,103.827006178971
438662,1.29658357614391,103.885890481952
599444,1.34689430757223,103.767861218438
599445,1.34689430757223,103.767861218438
599446,1.34689430757223,103.767861218438
599447,1.34689430757223,103.767861218438
637132,1.28354928936787,103.624116353552
760964,1.42106393776938,103.82604392398
598662,1.34689430757223,103.767861218438
279216,1.32276118629116,103.784007423333
578703,1.35366630255264,103.844560733627
759830,1.44992123026952,103.829397162646
788978,1.39601248653792,103.817563198325
510592,1.37550455110335,103.949667480585
788979,1.39601248653792,103.817563198325
788980,1.39601248653792,103.817563198325
309831,1.3248571981644,103.839086213472
309830,1.32473869944088,103.839090283292
309738,1.32501772540441,103.839266824811
679350,1.39028896209381,103.772000468017
578970,1.35594269693406,103.829158372991
309651,1.32490441739295,103.839076136395
309652,1.3249498477959,103.839057826928
760966,1.4189978749557,103.827067592197
760962,1.42072583825548,103.825486479052
121438,1.31686971326399,103.762723628508
121437,1.31647266685186,103.762961522245
120438,1.31729073830566,103.762656171406
762967,1.41860347567421,103.827491616631
529387,1.36684842281087,103.937776357215
529389,1.36684842281087,103.937776357215
529415,1.36684842281087,103.937776357215
529382,1.36684842281087,103.937776357215
529383,1.36684842281087,103.937776357215
610134,1.32633889947369,103.727908876713
521279,1.34596288599597,103.951365082406
521304,1.35194526860736,103.95612264912
659957,1.36643278475598,103.74200712999
460815,1.32960093425915,103.920782857658
461813,1.33091548367627,103.919832699316
461816,1.33002103095596,103.919652195202
461814,1.33049993453277,103.920244290425
829879,1.4030249437875,103.894189426675
519650,1.36627455233672,103.952541654878
439854,1.29893962154544,103.899082351332
575497,1.34276298758274,103.836986145296
529420,1.36950253998581,103.941032805985
508293,1.40317912988056,103.970116774823
511608,1.37588602173663,103.942594172684
456827,1.31122269638048,103.92548220895
759838,1.44762868370097,103.824534414214
699867,1.34913844106138,103.73704975386
639422,1.32262919268033,103.624500349439
289522,1.34258278976978,103.794769914378
529384,1.36684842281087,103.937776357215
438663,1.29090225394468,103.868764303679
289686,1.34196933360087,103.804475183453
499969,1.31731130623949,103.97984902837
089814,1.27777101748342,103.83808366242
419307,1.32881401139904,103.915348223393
488473,1.34640143597223,103.96583628695
638838,1.27155089172002,103.626436139707
099548,1.24912085218503,103.826858799741
129970,1.31633099816671,103.766533957934
519969,1.36712928287615,103.960557318417
819973,1.38210870282907,103.997785714314
119314,1.29132150002705,103.78582806834
456256,1.31643039349008,103.927383844745
119881,1.29455059526567,103.773446022367
169544,1.27864700986764,103.831398047723
544760,1.39112188997681,103.897158550375
119315,1.29197307893112,103.785041296695
189870,1.2991287109259,103.851458170705
659778,1.35859758068186,103.741357241845
729984,1.40646979427515,103.758206099192
556161,1.35914574369705,103.869387238542
508899,1.36978735831026,103.983270740951
529385,1.36687593945299,103.93779585354
521395,1.35566625467325,103.956181180804
679440,1.38580988851704,103.766765619078
619801,1.32252897185532,103.725183771618
019927,1.27839433158337,103.856299289011
519454,1.38142684369104,103.929677915956
619607,1.31855859635579,103.716895620857
520974,1.34377932250467,103.939830133304
278584,1.31264956890401,103.794954718033
430028,1.29855009284227,103.880045572059
380037,1.31808595570445,103.873873400527
763974,1.41670459401426,103.827618254384
432029,1.29884166230082,103.879222433049
397694,1.30187902738617,103.878185267733
431029,1.29843915797634,103.878607675133
431024,1.30015120061742,103.881665977037
059964,1.28704246316243,103.843848184006
699880,1.37814823644608,103.724029969187
380035,1.3172307159829,103.873851965001
430024,1.30058712235481,103.881442536598
218211,1.31525677487546,103.858425808047
228122,1.30305513691353,103.848506993026
761974,1.41622619764551,103.826335611707
431028,1.29802152328663,103.880035065904
307691,1.32534460429598,103.840724426682
307676,1.32534460429598,103.840724426682
140018,1.30005817218833,103.798353981634
321118,1.3226902229318,103.858582587596
380036,1.31758240979933,103.873908786717
460816,1.32943726660868,103.919254047197
410117,1.32164023627263,103.913193476299
430027,1.29880884005816,103.880231433796
430026,1.29920657766095,103.879515111196
141017,1.29965100087736,103.798031741959
129675,1.29524862504034,103.766403186296
129676,1.29522771761071,103.766352041926
760972,1.41678228714385,103.824674349575
520973,1.34319783017004,103.940044257699
522973,1.34377240199801,103.940539163165
521974,1.34414462939129,103.940463936751
382037,1.31789622811116,103.873557520576
431032,1.29700182204912,103.878607715393
760974,1.41637039150961,103.827284586563
762972,1.4166069727286,103.825248334331
761973,1.41717305036925,103.825174300076
433028,1.29846227854117,103.879510640349
431033,1.29684013556829,103.877661286764
431031,1.29641911752058,103.878848857094
461049,1.32436695109707,103.938985957668
462049,1.32373141843112,103.938910509504
228125,1.30305513691353,103.848506993026
522974,1.34441343800594,103.940101450397
462816,1.32913881309119,103.919841525578
462815,1.32946784738914,103.919825070615
381036,1.31737546326765,103.873477774286
430025,1.30027992481569,103.880475343119
764974,1.41600692357978,103.826928162798
431025,1.29982584615812,103.880481977053
763973,1.41711160363276,103.826326690949
761972,1.41703504141107,103.82486101598
763972,1.41640754313988,103.825907405885
432026,1.29894832661201,103.87979331624
432028,1.29797804530835,103.879226517442
462814,1.33020656332708,103.920665969142
461815,1.32984662185852,103.920798366123
460813,1.33095899079903,103.919255080028
228124,1.30305513691353,103.848506993026
228121,1.30305513691353,103.848506993026
228120,1.30329455353105,103.848657618698
298805,1.32811153306916,103.820685759183
799346,1.42552952489219,103.881370538444
430029,1.29827554197498,103.878277448068
762973,1.41698757496633,103.825777091623
760973,1.41714804357478,103.824521799423
762974,1.41689069015448,103.827006491099
431026,1.29927530445382,103.880099839297
432024,1.30012368665181,103.881293933815
430033,1.29657078460139,103.877347612744
381037,1.31785843371484,103.873293110776
430032,1.29650050598839,103.878208370651
430031,1.2961609566205,103.878915186474
521973,1.34323104492193,103.940695002304
460049,1.32430117973484,103.938654033654
460814,1.33076096418017,103.920023625999
320118,1.32261764194216,103.857975938258
218208,1.31514850998984,103.858339809627
499918,1.31605546595132,104.002791003001
488512,1.33946023112934,103.958780780774
469726,1.31537344717972,103.931589521252
